Year,Name,G,TD,FG,1XP,2XP,Safety,Points,Points/G
2009,Nebraska,14,16,12,12,0,1,146,10.4
2009,Alabama,14,18,12,16,1,1,164,11.7
2009,Penn State,13,17,13,16,0,1,159,12.2
2009,Florida,14,18,17,15,0,0,174,12.4
2009,Ohio State,13,19,10,17,1,0,163,12.5
2009,TCU,13,20,9,17,1,0,166,12.8
2009,Oklahoma,13,22,12,19,1,0,189,14.5
2009,Iowa,13,23,13,23,0,0,200,15.4
2009,Virginia Tech,13,20,21,18,1,0,203,15.6
2009,Air Force,13,24,13,19,0,1,204,15.7
2009,LSU,13,19,25,16,1,2,211,16.2
2009,Texas,14,27,15,25,1,0,234,16.7
2009,North Carolina,13,22,22,22,0,1,222,17.1
2009,Boise State,14,31,7,27,2,1,240,17.1
2009,Mississippi,13,25,18,24,1,0,230,17.7
2009,Rutgers,13,29,9,28,1,1,233,17.9
2009,Central Michigan,14,30,18,29,1,0,265,18.9
2009,Navy,14,31,18,28,2,0,272,19.4
2009,Boston College,13,28,20,27,1,0,257,19.8
2009,South Florida,13,30,16,25,1,1,257,19.8
2009,Pittsburgh,13,32,12,27,1,0,257,19.8
2009,USC,13,31,15,25,0,1,258,19.8
2009,Utah,13,32,14,29,0,0,263,20.2
2009,South Carolina,13,31,16,29,0,1,265,20.4
2009,Clemson,14,33,19,31,0,0,286,20.4
2009,Arizona State,12,29,17,28,0,0,253,21.1
2009,UCLA,13,34,13,31,0,1,276,21.2
2009,Ohio,14,35,17,35,0,1,298,21.3
2009,BYU,13,35,13,27,2,0,280,21.5
2009,Northern Illinois,13,35,13,32,0,0,281,21.6
2009,West Virginia,13,30,24,28,1,0,282,21.7
2009,Oklahoma State,13,35,12,32,2,0,282,21.7
2009,Wisconsin,13,34,15,30,2,0,283,21.8
2009,Iowa State,13,36,11,35,0,0,284,21.8
2009,Army,12,34,9,32,0,0,263,21.9
2009,East Carolina,14,38,15,32,1,0,307,21.9
2009,Miami (Florida),13,31,24,28,1,0,288,22.2
2009,Tennessee,13,29,28,29,0,1,289,22.2
2009,Temple,13,34,19,25,1,1,290,22.3
2009,Kent State,12,32,16,27,1,0,269,22.4
2009,Texas Tech,13,35,16,34,0,0,292,22.5
2009,UCF,13,37,13,32,0,0,293,22.5
2009,Kentucky,13,38,11,34,0,0,295,22.7
2009,Cincinnati,13,37,14,30,2,1,300,23.1
2009,Arkansas State,12,36,10,33,0,0,279,23.3
2009,Vanderbilt,12,33,17,31,0,0,280,23.3
2009,Kansas State,12,36,10,34,0,0,280,23.3
2009,Connecticut,13,38,14,31,2,1,307,23.6
2009,Middle Tennessee,13,38,15,33,1,0,308,23.7
2009,Buffalo,12,34,17,30,0,0,285,23.8
2009,Oregon,13,35,22,29,1,1,309,23.8
2009,Minnesota,13,37,17,36,0,0,309,23.8
2009,Arizona,13,37,18,31,2,0,311,23.9
2009,Marshall,13,41,10,38,1,0,316,24.3
2009,Northwestern,13,41,11,39,0,0,318,24.5
2009,Georgia Tech,14,42,18,39,0,1,347,24.8
2009,Oregon State,13,44,5,38,3,1,325,25
2009,Arkansas,13,38,21,33,1,0,326,25.1
2009,Missouri,13,40,18,32,2,0,330,25.4
2009,California,13,40,17,38,1,0,331,25.5
2009,Louisiana Tech,12,36,19,32,2,0,309,25.8
2009,Southern Mississippi,13,40,18,36,3,0,336,25.8
2009,Notre Dame,12,38,14,35,1,2,311,25.9
2009,Georgia,13,41,17,36,1,1,337,25.9
2009,Louisville,12,38,17,36,0,0,315,26.3
2009,Wake Forest,12,39,14,37,1,0,315,26.3
2009,Virginia,12,36,22,34,0,0,316,26.3
2009,Michigan State,13,42,17,39,0,0,342,26.3
2009,Stanford,13,44,13,42,0,0,345,26.5
2009,Washington,12,36,22,34,2,0,320,26.7
2009,Mississippi State,12,41,12,39,0,0,321,26.8
2009,Baylor,12,37,21,36,0,3,327,27.3
2009,Tulsa,12,38,21,33,2,0,328,27.3
2009,Louisiana-Monroe,12,42,11,39,0,2,328,27.3
2009,Wyoming,13,44,16,41,1,0,355,27.3
2009,Michigan,12,39,19,35,1,1,330,27.5
2009,Western Michigan,12,41,16,36,0,0,330,27.5
2009,Bowling Green,13,47,9,42,3,0,357,27.5
2009,Auburn,13,46,14,38,1,0,358,27.5
2009,SMU,13,48,10,39,1,0,359,27.6
2009,Syracuse,12,44,9,40,1,1,335,27.9
2009,Ball State,12,41,14,38,3,3,338,28.2
2009,Duke,12,42,16,40,0,0,340,28.3
2009,Kansas,12,42,16,35,2,1,341,28.4
2009,Fresno State,13,47,13,44,2,0,369,28.4
2009,Nevada,13,49,10,45,1,0,371,28.5
2009,Akron,12,46,8,43,0,1,345,28.8
2009,Colorado,12,42,17,41,0,1,346,28.8
2009,Purdue,12,43,16,39,2,0,349,29.1
2009,Indiana,12,45,11,43,1,3,354,29.5
2009,Hawai'i,13,50,12,45,1,0,383,29.5
2009,Colorado State,12,47,11,37,3,0,358,29.8
2009,Troy,13,50,14,41,2,0,387,29.8
2009,Florida State,13,53,8,46,1,0,390,30
2009,Houston,14,56,12,49,0,0,421,30.1
2009,Illinois,12,45,15,43,2,0,362,30.2
2009,Louisiana-Lafayette,12,46,14,40,2,1,364,30.3
2009,San Diego State,12,44,20,42,0,0,366,30.5
2009,North Carolina State,12,49,11,47,0,0,374,31.2
2009,Maryland,12,46,18,39,3,0,375,31.3
2009,New Mexico State,13,53,13,52,1,0,411,31.6
2009,UAB,12,50,13,47,1,0,388,32.3
2009,UNLV,12,50,14,47,0,0,389,32.4
2009,UTEP,12,53,11,49,0,1,402,33.5
2009,Texas A&M,13,56,15,47,4,0,436,33.5
2009,Florida Atlantic,12,52,15,46,1,0,405,33.8
2009,Utah State,12,54,9,51,1,2,408,34
2009,Miami (Ohio),12,55,10,50,0,0,410,34.2
2009,San Jose State,12,54,13,51,0,0,414,34.5
2009,Memphis,12,53,17,49,0,0,418,34.8
2009,Florida International,12,55,14,52,0,0,424,35.3
2009,North Texas,12,54,17,48,1,1,427,35.6
2009,New Mexico,12,56,12,51,1,3,431,35.9
2009,Idaho,13,63,10,54,3,0,468,36
2009,Tulane,12,57,15,49,2,0,440,36.7
2009,Toledo,12,60,12,54,1,0,452,37.7
2009,Eastern Michigan,12,62,9,56,1,1,459,38.3
2009,Washington State,12,60,14,54,2,1,462,38.5
2009,Western Kentucky,12,63,12,59,0,1,475,39.6
2009,Rice,12,70,11,64,0,0,517,43.1
2010,TCU,13,20,6,18,0,0,156,12
2010,Boise State,13,22,5,19,0,0,166,12.8
2010,West Virginia,13,17,19,17,0,0,176,13.5
2010,Alabama,13,19,14,18,1,0,176,13.5
2010,Ohio State,13,22,10,20,1,1,186,14.3
2010,Missouri,13,26,10,21,1,0,209,16.1
2010,Iowa,13,27,11,26,0,0,221,17
2010,UCF,14,31,8,30,0,0,240,17.1
2010,Stanford,13,29,7,27,1,1,226,17.4
2010,Nebraska,14,26,20,25,0,1,243,17.4
2010,LSU,13,31,7,28,1,0,237,18.2
2010,Oregon,13,27,17,24,1,2,243,18.7
2010,Clemson,13,27,19,25,0,0,244,18.8
2010,Northern Illinois,14,33,11,30,1,1,265,18.9
2010,Pittsburgh,13,29,15,28,0,0,247,19
2010,Temple,12,27,14,23,1,0,229,19.1
2010,Syracuse,13,31,12,29,0,0,251,19.3
2010,Louisville,13,32,10,28,1,0,252,19.4
2010,Boston College,13,26,24,26,0,0,254,19.5
2010,Florida State,14,31,20,29,0,0,275,19.6
2010,Mississippi State,13,30,17,27,0,0,258,19.8
2010,South Florida,13,29,20,26,0,0,260,20
2010,Notre Dame,13,29,19,26,2,1,263,20.2
2010,Utah,13,32,15,25,1,0,264,20.3
2010,Wisconsin,13,33,13,28,1,0,267,20.5
2010,Virginia Tech,14,37,10,34,1,0,288,20.6
2010,Miami (Florida),13,30,20,29,0,0,269,20.7
2010,Air Force,13,34,13,31,0,0,274,21.1
2010,Florida,13,33,16,29,1,0,277,21.3
2010,North Carolina State,13,36,10,29,1,0,277,21.3
2010,Nevada,14,34,21,33,0,0,300,21.4
2010,BYU,13,35,12,35,0,0,281,21.6
2010,Oklahoma,14,35,20,33,0,1,305,21.8
2010,Texas A&M,13,35,14,31,0,1,285,21.9
2010,Connecticut,13,33,19,31,0,0,286,22
2010,San Diego State,13,36,13,32,0,0,287,22.1
2010,Georgia,13,38,7,34,2,0,287,22.1
2010,Maryland,13,34,17,31,1,0,288,22.2
2010,Michigan State,13,37,11,33,1,0,290,22.3
2010,California,12,34,11,32,1,0,271,22.6
2010,Arizona,13,36,15,30,1,1,295,22.7
2010,Kent State,12,33,15,32,0,0,275,22.9
2010,South Carolina,14,39,17,35,1,1,324,23.1
2010,North Carolina,13,35,18,30,1,3,302,23.2
2010,Miami (Ohio),14,44,7,40,0,0,325,23.2
2010,Navy,13,38,13,36,0,0,303,23.3
2010,Arkansas,13,37,15,37,0,0,304,23.4
2010,Illinois,13,35,21,30,1,0,305,23.5
2010,Texas,12,36,11,33,1,0,284,23.7
2010,Penn State,13,39,12,38,0,0,308,23.7
2010,Western Michigan,12,37,11,29,1,0,286,23.8
2010,Ohio,13,39,12,31,3,1,309,23.8
2010,Auburn,14,42,14,37,3,0,337,24.1
2010,Army,13,43,5,37,3,0,316,24.3
2010,Arizona State,12,36,16,32,2,0,300,25
2010,Tennessee,13,40,15,37,2,0,326,25.1
2010,Georgia Tech,13,42,11,41,1,0,328,25.2
2010,Hawai'i,14,48,6,41,4,1,357,25.5
2010,SMU,14,48,8,45,1,0,359,25.6
2010,Central Michigan,12,39,13,37,0,1,312,26
2010,Oklahoma State,13,43,14,41,1,0,343,26.4
2010,Rutgers,12,41,11,37,0,1,318,26.5
2010,USC,13,45,13,36,1,0,347,26.7
2010,Oregon State,12,42,9,39,1,1,322,26.8
2010,Florida International,13,45,13,42,2,0,355,27.3
2010,UTEP,13,46,12,43,1,0,357,27.5
2010,Buffalo,12,45,8,40,0,0,334,27.8
2010,Cincinnati,12,44,9,43,0,1,336,28
2010,Middle Tennessee,13,47,13,44,0,0,365,28.1
2010,Virginia,12,43,14,37,1,0,339,28.3
2010,Idaho,13,46,16,44,0,0,368,28.3
2010,Kentucky,13,47,14,45,0,0,369,28.4
2010,Toledo,13,48,12,45,1,0,371,28.5
2010,Marshall,12,42,17,38,1,1,345,28.8
2010,Purdue,12,45,11,38,2,0,345,28.8
2010,Iowa State,12,42,17,41,1,0,346,28.8
2010,Northwestern,13,50,11,44,0,0,377,29
2010,Kansas State,13,48,16,42,0,0,378,29.1
2010,Florida Atlantic,12,43,16,39,1,2,351,29.3
2010,Washington,13,49,12,45,2,1,381,29.3
2010,Southern Mississippi,13,50,11,45,1,2,384,29.5
2010,North Texas,12,45,14,44,0,0,356,29.7
2010,Fresno State,13,50,14,46,1,0,390,30
2010,Troy,13,53,8,51,0,0,393,30.2
2010,Wyoming,12,46,14,42,0,2,364,30.3
2010,UCLA,12,46,14,42,2,0,364,30.3
2010,Tulsa,13,53,9,47,1,0,394,30.3
2010,Ball State,12,48,11,42,1,0,365,30.4
2010,Baylor,13,47,22,44,1,1,396,30.5
2010,Louisiana Tech,12,46,16,44,0,0,368,30.7
2010,Colorado,12,45,16,43,2,2,369,30.8
2010,Arkansas State,12,45,18,37,4,0,369,30.8
2010,Texas Tech,13,51,15,49,1,0,402,30.9
2010,Vanderbilt,12,47,14,44,0,3,374,31.2
2010,UAB,12,47,19,36,2,0,379,31.6
2010,Houston,12,51,10,48,0,1,386,32.2
2010,Louisiana-Monroe,12,49,16,47,0,0,389,32.4
2010,Minnesota,12,54,8,46,0,1,396,33
2010,Western Kentucky,12,54,7,51,1,0,398,33.2
2010,Bowling Green,12,52,13,50,0,1,403,33.6
2010,Utah State,12,52,13,50,1,1,405,33.8
2010,Indiana,12,51,17,49,0,1,408,34
2010,Kansas,12,53,14,51,1,0,413,34.4
2010,Colorado State,12,54,13,53,0,0,416,34.7
2010,San Jose State,13,56,20,53,0,1,451,34.7
2010,Akron,12,53,18,49,0,0,421,35.1
2010,Mississippi,12,52,19,45,4,0,422,35.2
2010,Michigan,13,57,20,54,1,0,458,35.2
2010,Duke,12,56,11,50,3,0,425,35.4
2010,Wake Forest,12,55,16,50,1,0,430,35.8
2010,Washington State,12,58,8,52,3,0,430,35.8
2010,Louisiana-Lafayette,12,54,23,49,1,0,444,37
2010,Tulane,12,58,13,57,0,1,446,37.2
2010,Rice,12,60,14,56,1,1,462,38.5
2010,New Mexico State,12,61,15,61,0,1,474,39.5
2010,UNLV,13,67,17,63,0,0,516,39.7
2010,Memphis,12,63,13,61,0,0,478,39.8
2010,Eastern Michigan,12,71,11,66,1,0,527,43.9
2010,East Carolina,13,76,15,71,0,0,572,44
2010,New Mexico,12,69,17,67,0,0,532,44.3
2011,Alabama,13,12,7,11,1,0,106,8.2
2011,LSU,14,15,17,13,1,1,158,11.3
2011,Temple,13,24,4,21,2,0,181,13.9
2011,Florida State,13,25,8,20,0,1,196,15.1
2011,Penn State,13,25,15,23,0,0,218,16.8
2011,Michigan,13,27,12,26,1,0,226,17.4
2011,Virginia Tech,14,31,11,28,0,0,247,17.6
2011,UCF,12,25,15,21,2,0,220,18.3
2011,Rutgers,13,28,16,22,0,0,238,18.3
2011,South Carolina,13,27,17,22,1,1,239,18.4
2011,Michigan State,14,33,8,29,2,1,257,18.4
2011,Boise State,13,33,5,24,3,0,243,18.7
2011,Wisconsin,14,34,9,29,2,1,266,19
2011,Florida International,13,30,14,27,0,2,253,19.5
2011,Illinois,13,31,12,31,0,1,255,19.6
2011,Mississippi State,13,28,20,28,0,0,256,19.7
2011,Miami (Florida),12,28,15,26,1,0,241,20.1
2011,Louisville,13,33,10,31,1,0,261,20.1
2011,Utah,13,31,15,28,1,1,263,20.2
2011,Cincinnati,13,29,20,28,1,0,264,20.3
2011,Florida,13,33,11,31,0,1,264,20.3
2011,BYU,13,33,12,31,0,0,265,20.4
2011,Georgia,14,37,11,31,1,0,288,20.6
2011,Notre Dame,13,33,14,27,1,0,269,20.7
2011,Arkansas State,13,33,12,30,1,2,270,20.8
2011,Southern Mississippi,14,35,15,32,1,1,291,20.8
2011,Ohio State,13,33,13,30,2,1,273,21
2011,TCU,13,33,17,28,1,0,279,21.5
2011,Vanderbilt,13,35,12,27,4,0,281,21.6
2011,Stanford,13,37,9,32,2,0,285,21.9
2011,Oklahoma,13,35,14,33,1,0,287,22.1
2011,Ohio,14,39,12,38,0,1,310,22.1
2011,Texas,13,32,22,31,0,0,289,22.2
2011,Arkansas,13,38,7,38,1,0,289,22.2
2011,Houston,14,40,12,38,0,0,314,22.4
2011,Tennessee,12,33,13,32,0,1,271,22.6
2011,South Florida,12,31,19,29,0,0,272,22.7
2011,Pittsburgh,13,35,17,32,2,0,297,22.8
2011,Miami (Ohio),12,36,9,32,0,0,275,22.9
2011,SMU,13,36,17,33,0,0,300,23.1
2011,Louisiana Tech,13,37,14,31,2,1,301,23.2
2011,Nebraska,13,40,8,38,1,0,304,23.4
2011,Boston College,12,31,22,30,0,0,282,23.5
2011,Missouri,13,39,11,35,1,1,306,23.5
2011,USC,12,37,8,29,4,0,283,23.6
2011,Virginia,13,38,14,36,1,1,310,23.8
2011,Iowa,13,38,16,34,0,0,310,23.8
2011,California,13,39,14,36,1,0,314,24.2
2011,Kent State,12,32,22,29,1,1,291,24.3
2011,Eastern Michigan,12,34,17,29,3,1,292,24.3
2011,Connecticut,12,38,9,35,0,1,292,24.3
2011,Oregon,14,43,15,36,2,1,345,24.6
2011,Kentucky,12,36,15,35,0,0,296,24.7
2011,North Carolina State,13,39,16,37,1,0,321,24.7
2011,Western Kentucky,12,39,11,31,0,0,298,24.8
2011,North Carolina,13,38,19,36,1,0,323,24.8
2011,San Diego State,13,43,9,38,1,0,325,25
2011,Nevada,13,44,7,38,2,0,327,25.2
2011,Louisiana-Monroe,12,40,9,36,1,0,305,25.4
2011,Georgia Tech,13,45,9,42,0,0,339,26.1
2011,West Virginia,13,42,19,37,1,0,348,26.8
2011,Oklahoma State,13,44,13,41,0,2,348,26.8
2011,Purdue,13,43,15,40,2,1,349,26.8
2011,Tulsa,13,46,12,41,0,1,355,27.3
2011,Wake Forest,13,43,18,40,1,1,356,27.4
2011,Northwestern,13,45,15,41,2,0,360,27.7
2011,Wyoming,13,47,13,40,0,0,361,27.8
2011,Utah State,13,45,16,41,2,0,363,27.9
2011,Kansas State,13,45,17,40,1,0,363,27.9
2011,Texas A&M,13,45,17,41,2,0,366,28.2
2011,Army,12,45,9,40,1,0,339,28.3
2011,Air Force,13,50,8,43,1,0,369,28.4
2011,Syracuse,12,38,26,36,0,0,342,28.5
2011,Arizona State,13,46,18,42,0,0,372,28.6
2011,Marshall,13,47,15,43,0,1,372,28.6
2011,Western Michigan,13,48,12,47,0,1,373,28.7
2011,Bowling Green,12,42,17,39,2,0,346,28.8
2011,Navy,12,47,6,47,0,0,347,28.9
2011,Auburn,13,46,18,42,2,0,376,28.9
2011,Hawai'i,13,50,9,43,3,1,378,29.1
2011,Clemson,14,52,16,50,0,0,410,29.3
2011,Buffalo,12,46,11,44,0,0,353,29.4
2011,Iowa State,13,43,27,41,1,0,382,29.4
2011,Louisiana-Lafayette,13,49,15,47,0,1,388,29.8
2011,San Jose State,12,46,13,43,1,2,364,30.3
2011,UTEP,12,47,11,45,2,0,364,30.3
2011,Northern Illinois,14,54,17,45,1,1,424,30.3
2011,North Texas,12,49,10,44,0,0,368,30.7
2011,Oregon State,12,51,5,45,2,0,370,30.8
2011,Duke,12,47,16,44,0,0,374,31.2
2011,Colorado State,12,50,8,47,1,1,375,31.3
2011,UCLA,14,57,14,53,1,0,439,31.4
2011,Minnesota,12,51,9,47,0,0,380,31.7
2011,Toledo,13,56,8,50,1,0,412,31.7
2011,Washington State,12,49,13,44,2,0,381,31.8
2011,Mississippi,12,49,13,48,0,2,385,32.1
2011,East Carolina,12,51,11,48,0,0,387,32.3
2011,Idaho,12,51,13,50,0,2,399,33.3
2011,Central Michigan,12,48,21,45,1,1,400,33.3
2011,Rice,12,53,10,50,0,1,400,33.3
2011,Troy,12,52,14,48,0,1,404,33.7
2011,Maryland,12,53,13,52,1,0,411,34.3
2011,Florida Atlantic,12,52,18,48,1,0,416,34.7
2011,Ball State,12,54,14,50,0,0,416,34.7
2011,Memphis,12,55,13,50,1,0,421,35.1
2011,Fresno State,13,60,14,49,3,0,457,35.2
2011,Arizona,12,54,16,51,0,1,425,35.4
2011,Washington,13,58,20,53,2,1,467,35.9
2011,Colorado,13,63,13,56,1,0,475,36.5
2011,UAB,12,58,11,58,0,1,441,36.8
2011,Middle Tennessee,12,59,9,56,1,1,441,36.8
2011,New Mexico State,13,65,9,59,0,1,478,36.8
2011,Baylor,13,64,13,55,3,0,484,37.2
2011,Indiana,12,55,21,53,1,0,448,37.3
2011,Tulane,13,62,19,58,0,0,487,37.5
2011,Akron,12,59,17,55,0,1,462,38.5
2011,Texas Tech,12,62,13,60,0,0,471,39.3
2011,UNLV,12,64,13,56,3,0,485,40.4
2011,New Mexico,12,70,4,68,0,0,500,41.7
2011,Kansas,12,68,15,66,1,2,525,43.8
2012,Alabama,14,20,5,18,0,0,153,10.9
2012,Notre Dame,13,16,18,16,0,0,166,12.8
2012,BYU,13,22,10,20,0,0,182,14
2012,Rutgers,13,20,15,17,1,0,184,14.2
2012,Florida,13,21,14,18,1,0,188,14.5
2012,Florida State,14,23,15,21,0,1,206,14.7
2012,Utah State,13,21,19,17,0,0,200,15.4
2012,Boise State,13,27,6,23,1,0,205,15.8
2012,Michigan State,13,20,24,20,0,0,212,16.3
2012,Bowling Green,13,25,14,22,1,1,218,16.8
2012,Stanford,14,28,15,26,1,0,241,17.2
2012,LSU,13,29,10,24,0,0,228,17.5
2012,South Carolina,13,27,17,24,0,0,237,18.2
2012,Cincinnati,13,26,19,21,3,0,240,18.5
2012,Vanderbilt,13,27,18,23,2,0,243,18.7
2012,Penn State,12,28,11,26,0,1,229,19.1
2012,Wisconsin,14,33,13,29,1,0,268,19.1
2012,Georgia,14,34,13,30,1,0,275,19.6
2012,Connecticut,12,27,17,25,0,0,238,19.8
2012,Michigan,13,28,21,25,1,0,258,19.8
2012,Northern Illinois,14,34,15,27,1,0,278,19.9
2012,Oregon State,13,34,10,32,0,1,268,20.6
2012,Pittsburgh,13,33,15,29,1,0,274,21.1
2012,San Jose State,13,35,12,31,0,0,277,21.3
2012,Oregon,13,35,13,32,0,0,281,21.6
2012,Texas A&M,13,36,12,29,1,0,283,21.8
2012,UCF,14,40,11,36,0,0,309,22.1
2012,Kansas State,13,34,16,30,2,1,288,22.2
2012,Northwestern,13,35,15,28,4,1,293,22.5
2012,TCU,13,35,17,31,1,0,294,22.6
2012,Ohio State,12,33,14,26,3,1,274,22.8
2012,Virginia Tech,13,35,17,34,1,0,297,22.8
2012,Iowa,12,32,18,29,0,0,275,22.9
2012,Mississippi State,13,37,15,36,0,0,303,23.3
2012,Tulsa,14,44,9,36,2,0,331,23.6
2012,Louisville,13,40,10,37,1,0,309,23.8
2012,Fresno State,13,40,9,35,3,1,310,23.8
2012,Iowa State,13,37,17,32,2,1,311,23.9
2012,Washington,13,38,17,31,2,0,314,24.2
2012,USC,13,39,16,34,0,0,316,24.3
2012,Arizona State,13,41,10,36,2,0,316,24.3
2012,San Diego State,13,43,7,36,1,0,317,24.4
2012,Arkansas State,13,39,15,33,2,1,318,24.5
2012,Kent State,14,42,16,39,1,1,343,24.5
2012,Minnesota,13,40,14,39,0,0,321,24.7
2012,Syracuse,13,39,17,37,0,0,322,24.8
2012,Ohio,13,41,11,41,0,1,322,24.8
2012,Clemson,13,39,17,38,0,0,323,24.8
2012,Utah,12,40,8,37,0,0,301,25.1
2012,Western Kentucky,13,41,15,38,1,0,331,25.5
2012,Oklahoma,13,41,16,33,2,0,331,25.5
2012,North Carolina State,13,41,14,33,3,3,333,25.6
2012,North Carolina,12,38,15,33,1,0,308,25.7
2012,Navy,13,41,17,37,0,0,334,25.7
2012,SMU,13,43,12,38,1,0,334,25.7
2012,Maryland,12,40,16,38,0,0,326,27.2
2012,South Florida,12,39,20,33,1,0,329,27.4
2012,Mississippi,13,44,17,40,1,1,359,27.6
2012,Nebraska,14,49,13,47,1,2,386,27.6
2012,UCLA,14,50,13,43,2,0,386,27.6
2012,North Texas,12,44,10,40,0,0,334,27.8
2012,Middle Tennessee,12,43,12,40,0,1,336,28
2012,Louisiana-Lafayette,13,42,24,41,0,0,365,28.1
2012,Oklahoma State,13,46,15,42,2,0,367,28.2
2012,Auburn,12,44,10,44,0,1,340,28.3
2012,Georgia Tech,14,51,12,44,3,2,396,28.3
2012,Missouri,12,45,9,40,1,1,341,28.4
2012,Toledo,13,46,16,39,2,1,369,28.4
2012,Buffalo,12,43,15,39,0,0,342,28.5
2012,Virginia,12,44,14,39,0,1,347,28.9
2012,Air Force,13,48,14,41,3,0,377,29
2012,Louisiana-Monroe,13,50,11,46,0,0,379,29.2
2012,Texas,13,46,20,40,1,1,380,29.2
2012,South Alabama,13,46,20,45,1,0,383,29.5
2012,Western Michigan,12,43,19,39,1,0,356,29.7
2012,Boston College,12,43,19,41,0,0,356,29.7
2012,UTEP,12,46,12,43,1,0,357,29.8
2012,Rice,13,53,8,44,2,0,390,30
2012,New Mexico,13,54,5,50,2,0,393,30.2
2012,Memphis,12,44,19,42,0,0,363,30.3
2012,Colorado State,12,46,13,44,1,1,363,30.3
2012,Arkansas,12,47,13,44,0,0,365,30.4
2012,Miami (Florida),12,44,19,39,2,1,366,30.5
2012,Troy,12,46,16,38,2,0,366,30.5
2012,Florida Atlantic,12,47,14,46,0,0,370,30.8
2012,Kentucky,12,48,13,41,2,0,372,31
2012,Temple,11,44,11,40,2,1,343,31.2
2012,Purdue,13,51,17,47,1,0,406,31.2
2012,East Carolina,13,52,16,49,1,0,411,31.6
2012,Florida International,12,49,12,44,2,1,380,31.7
2012,Wake Forest,12,48,16,46,0,0,382,31.8
2012,Texas Tech,13,51,19,50,0,0,413,31.8
2012,Ball State,13,53,15,43,4,1,416,32
2012,Illinois,12,50,11,50,0,1,385,32.1
2012,Central Michigan,13,54,15,52,0,0,421,32.4
2012,UTSA,10,42,11,41,0,0,326,32.6
2012,UNLV,13,54,15,51,1,1,424,32.6
2012,California,12,53,9,50,1,0,397,33.1
2012,Wyoming,12,53,11,50,0,0,401,33.4
2012,Texas State,12,53,11,51,0,0,402,33.5
2012,Washington State,12,52,13,47,2,1,404,33.7
2012,Nevada,13,57,14,49,3,0,439,33.8
2012,Miami (Ohio),12,55,11,52,1,1,419,34.9
2012,Indiana,12,55,13,54,0,0,423,35.3
2012,Army,12,56,11,55,0,0,424,35.3
2012,Arizona,13,60,13,56,2,0,459,35.3
2012,Akron,12,53,19,49,2,0,428,35.7
2012,Tennessee,12,53,20,46,2,0,428,35.7
2012,Hawai'i,12,60,4,54,1,0,428,35.7
2012,Houston,12,55,16,52,1,0,432,36
2012,Duke,13,60,17,57,0,0,468,36
2012,Kansas,12,54,19,52,0,0,433,36.1
2012,Baylor,13,65,10,64,0,0,484,37.2
2012,UAB,12,57,15,53,3,2,450,37.5
2012,Eastern Michigan,12,57,18,55,0,0,451,37.6
2012,Southern Mississippi,12,60,13,55,0,0,454,37.8
2012,West Virginia,13,64,14,61,1,3,495,38.1
2012,Tulane,12,59,17,56,0,0,461,38.4
2012,Louisiana Tech,12,61,12,56,2,0,462,38.5
2012,New Mexico State,12,61,17,56,0,0,473,39.4
2012,Massachusetts,12,65,9,63,1,0,482,40.2
2012,Idaho,12,69,9,66,1,0,509,42.4
2012,Marshall,12,69,13,62,1,0,517,43.1
2012,Colorado,12,73,15,67,1,0,552,46
2013,Florida State,14,21,8,20,0,0,170,12.1
2013,Louisville,13,18,10,18,0,1,158,12.2
2013,Michigan State,14,21,13,20,0,0,185,13.2
2013,Alabama,13,23,7,22,0,0,181,13.9
2013,Bowling Green,14,29,6,28,1,0,222,15.9
2013,Wisconsin,13,25,13,21,1,0,212,16.3
2013,Utah State,14,28,15,26,0,0,239,17.1
2013,North Texas,13,30,7,28,0,1,231,17.8
2013,Iowa,13,30,12,30,0,0,246,18.9
2013,Stanford,14,31,17,27,1,0,266,19
2013,Virginia Tech,13,31,12,29,0,0,251,19.3
2013,South Carolina,13,32,13,29,2,0,264,20.3
2013,Oregon,13,32,15,29,0,0,266,20.5
2013,Cincinnati,13,34,12,29,1,1,273,21
2013,Florida,12,27,22,25,0,0,253,21.1
2013,USC,14,39,7,36,2,1,297,21.2
2013,UCF,13,36,8,33,2,0,277,21.3
2013,Tulane,13,33,16,32,0,0,278,21.4
2013,Oklahoma State,13,33,17,30,1,0,281,21.6
2013,Houston,13,34,17,28,0,0,283,21.8
2013,LSU,13,32,21,31,0,0,286,22
2013,BYU,13,33,18,31,0,2,287,22.1
2013,Oklahoma,13,36,13,32,0,0,287,22.1
2013,Clemson,13,37,10,34,0,1,288,22.2
2013,Minnesota,13,36,14,31,0,0,289,22.2
2013,Florida Atlantic,12,32,15,30,0,0,267,22.3
2013,Notre Dame,13,34,18,31,1,0,291,22.4
2013,Ohio State,14,42,9,36,1,0,317,22.6
2013,Washington,13,37,14,33,0,0,297,22.8
2013,Georgia Tech,13,38,10,35,1,1,297,22.8
2013,Kansas State,13,35,18,32,1,0,298,22.9
2013,Marshall,14,40,14,33,3,0,321,22.9
2013,Mississippi State,13,36,14,35,1,2,299,23
2013,Missouri,14,39,17,36,1,0,323,23.1
2013,UCLA,13,37,14,35,0,1,301,23.2
2013,Baylor,13,41,7,37,0,1,306,23.5
2013,Mississippi,13,38,14,36,0,1,308,23.7
2013,Wake Forest,12,36,12,35,0,1,289,24.1
2013,Arizona,13,39,15,34,0,1,315,24.2
2013,Buffalo,13,40,12,37,2,0,317,24.4
2013,Navy,13,41,9,36,3,1,317,24.4
2013,Rice,14,43,14,40,1,0,342,24.4
2013,North Carolina,13,38,18,36,0,0,318,24.5
2013,Western Kentucky,12,37,12,33,2,0,295,24.6
2013,Memphis,12,37,12,35,1,0,295,24.6
2013,Vanderbilt,13,40,13,37,2,0,320,24.6
2013,Ball State,13,39,16,37,1,0,321,24.7
2013,Auburn,14,41,20,38,1,0,346,24.7
2013,East Carolina,13,39,16,38,0,1,322,24.8
2013,Nebraska,13,38,19,36,0,1,323,24.8
2013,Boise State,13,41,13,38,0,0,323,24.8
2013,Northern Illinois,14,43,18,37,1,0,351,25.1
2013,South Alabama,12,36,16,32,2,1,302,25.2
2013,TCU,12,33,24,33,0,0,303,25.3
2013,Maryland,13,38,21,36,1,0,329,25.3
2013,Syracuse,13,42,12,40,1,0,330,25.4
2013,Texas,13,39,21,37,0,1,336,25.8
2013,Penn State,12,38,15,37,1,1,314,26.2
2013,Arkansas State,13,43,14,38,1,0,340,26.2
2013,Middle Tennessee,13,43,13,38,2,1,341,26.2
2013,Louisiana Tech,12,39,14,39,0,0,315,26.3
2013,UTSA,12,40,12,38,1,0,316,26.3
2013,Louisiana-Lafayette,13,43,15,39,1,0,344,26.5
2013,Duke,14,48,12,45,2,0,373,26.6
2013,Arizona State,14,48,14,41,0,1,373,26.6
2013,Miami (Florida),13,43,17,39,0,0,348,26.8
2013,Michigan,13,40,24,37,0,0,349,26.8
2013,Kent State,12,40,15,38,0,0,323,26.9
2013,Northwestern,12,40,16,35,1,0,325,27.1
2013,Pittsburgh,13,43,18,41,0,0,353,27.2
2013,Texas State,12,41,13,41,0,1,328,27.3
2013,Ohio,13,46,12,43,0,1,357,27.5
2013,Utah,12,41,18,32,2,0,336,28
2013,South Florida,12,43,14,41,0,1,343,28.6
2013,Central Michigan,12,43,15,38,1,0,343,28.6
2013,Akron,12,44,12,39,1,1,343,28.6
2013,Toledo,12,45,10,41,1,0,343,28.6
2013,Boston College,13,48,13,47,1,0,376,28.9
2013,Tennessee,12,46,9,45,0,0,348,29
2013,Georgia,13,47,16,43,1,1,377,29
2013,Temple,12,42,21,41,0,1,358,29.8
2013,Rutgers,13,49,15,46,1,0,387,29.8
2013,Colorado State,14,52,17,46,4,0,417,29.8
2013,Louisiana-Monroe,12,46,14,42,1,0,362,30.2
2013,North Carolina State,12,48,9,43,2,0,362,30.2
2013,Connecticut,12,46,14,43,0,1,363,30.3
2013,Fresno State,13,51,13,43,3,0,394,30.3
2013,Texas Tech,13,51,14,49,0,0,397,30.5
2013,Arkansas,12,49,9,48,0,0,369,30.8
2013,Kentucky,12,49,10,46,2,0,374,31.2
2013,Oregon State,13,51,19,43,1,0,408,31.4
2013,Army,12,49,13,40,3,0,379,31.6
2013,San Diego State,13,55,11,49,0,0,412,31.7
2013,Kansas,12,48,15,45,1,1,382,31.8
2013,UNLV,13,55,11,49,1,0,414,31.8
2013,Texas A&M,13,55,12,51,1,0,419,32.2
2013,Washington State,13,52,19,48,2,1,423,32.5
2013,Massachusetts,12,50,15,49,0,1,396,33
2013,Virginia,12,51,14,47,2,0,399,33.3
2013,West Virginia,12,48,21,47,1,0,400,33.3
2013,SMU,12,54,9,45,2,0,400,33.3
2013,Tulsa,12,52,15,50,0,0,407,33.9
2013,Nevada,12,54,12,47,2,1,413,34.4
2013,San Jose State,12,55,14,45,2,0,421,35.1
2013,Illinois,12,55,13,52,0,2,425,35.4
2013,Western Michigan,12,55,15,46,2,0,425,35.4
2013,Miami (Ohio),12,55,14,54,1,0,428,35.7
2013,Troy,12,58,10,51,1,0,431,35.9
2013,Iowa State,12,56,14,54,0,0,432,36
2013,Georgia State,12,59,10,56,0,0,440,36.7
2013,Wyoming,12,60,7,53,3,0,440,36.7
2013,Florida International,12,57,15,51,1,2,444,37
2013,Purdue,12,61,9,61,0,1,456,38
2013,Colorado,12,58,16,55,2,2,459,38.3
2013,Hawai'i,12,59,17,56,1,1,465,38.8
2013,Indiana,12,63,9,61,0,0,466,38.8
2013,UTEP,12,62,11,59,2,2,472,39.3
2013,Air Force,12,67,5,55,4,0,480,40
2013,Southern Mississippi,12,68,10,61,1,1,503,41.9
2013,New Mexico,12,71,6,69,0,0,513,42.8
2013,UAB,12,71,10,67,1,0,525,43.8
2013,New Mexico State,12,71,13,64,3,0,535,44.6
2013,Eastern Michigan,12,71,15,69,1,0,542,45.2
2013,California,12,72,16,69,0,1,551,45.9
2013,Idaho,12,76,10,73,0,1,561,46.8
2014,Mississippi,13,24,13,23,0,1,208,16
2014,Stanford,13,26,11,24,0,0,213,16.4
2014,Clemson,13,27,11,22,0,0,217,16.7
2014,Temple,12,24,14,24,0,0,210,17.5
2014,LSU,13,27,13,27,0,0,228,17.5
2014,Alabama,14,27,23,23,2,0,258,18.4
2014,Penn State,13,27,18,24,0,1,242,18.6
2014,TCU,13,28,17,26,1,0,247,19
2014,UCF,13,29,16,27,0,0,249,19.2
2014,Arkansas,13,33,6,32,1,0,250,19.2
2014,Memphis,13,32,10,29,1,0,253,19.5
2014,Utah State,14,33,15,31,0,1,276,19.7
2014,San Diego State,13,33,9,33,0,0,258,19.8
2014,Virginia Tech,13,30,18,28,0,0,262,20.2
2014,Houston,13,33,11,33,0,2,268,20.6
2014,Georgia,13,36,7,30,1,0,269,20.7
2014,Wisconsin,14,35,15,32,2,0,291,20.8
2014,Marshall,14,36,15,31,1,0,294,21
2014,Florida,12,30,15,26,1,0,253,21.1
2014,Missouri,14,36,14,33,2,0,295,21.1
2014,Boston College,13,34,13,34,0,0,277,21.3
2014,Michigan State,13,36,9,31,3,0,280,21.5
2014,Mississippi State,13,35,13,31,0,1,282,21.7
2014,Louisville,13,31,23,26,1,0,283,21.8
2014,Duke,13,34,17,28,0,0,283,21.8
2014,Ohio State,15,43,10,42,0,0,330,22
2014,Michigan,12,31,18,29,0,0,269,22.4
2014,Akron,12,35,13,28,0,0,277,23.1
2014,Kansas State,13,39,11,34,0,0,301,23.2
2014,Georgia Southern,12,37,8,31,2,0,281,23.4
2014,Oregon,15,43,18,38,1,1,354,23.6
2014,Texas,13,39,13,37,0,0,310,23.8
2014,Virginia,12,36,13,34,0,0,289,24.1
2014,Air Force,13,39,14,38,0,0,314,24.2
2014,Minnesota,13,40,12,38,0,0,314,24.2
2014,Tennessee,13,41,11,36,0,0,315,24.2
2014,Syracuse,12,33,19,31,1,2,292,24.3
2014,Miami (Florida),13,40,13,37,0,0,316,24.3
2014,Louisiana Tech,14,41,21,37,0,0,346,24.7
2014,Florida International,12,37,12,36,0,2,298,24.8
2014,Ohio,12,38,11,37,0,0,298,24.8
2014,Washington,14,41,20,39,0,1,347,24.8
2014,Western Michigan,13,40,14,36,1,2,324,24.9
2014,Utah,13,40,15,39,0,0,324,24.9
2014,Colorado State,13,41,13,39,0,1,326,25.1
2014,Northwestern,12,39,11,35,0,0,302,25.2
2014,Central Michigan,13,40,15,36,2,1,327,25.2
2014,USC,13,42,11,36,2,1,327,25.2
2014,Baylor,13,43,11,41,0,0,332,25.5
2014,Iowa,13,41,16,37,1,0,333,25.6
2014,Florida State,14,44,18,38,1,0,358,25.6
2014,Northern Illinois,14,45,13,40,3,2,359,25.6
2014,Georgia Tech,14,44,18,38,2,0,360,25.7
2014,East Carolina,13,41,17,37,1,0,336,25.8
2014,UTSA,12,36,20,33,1,0,311,25.9
2014,Oklahoma,13,43,14,37,0,0,337,25.9
2014,Louisiana-Lafayette,13,43,13,37,1,1,338,26
2014,Louisiana-Monroe,12,41,10,37,1,0,315,26.3
2014,Pittsburgh,13,45,10,36,2,1,342,26.3
2014,Wake Forest,12,38,18,35,0,0,317,26.4
2014,South Alabama,13,43,15,40,0,0,343,26.4
2014,Nebraska,13,44,11,44,0,1,343,26.4
2014,Auburn,13,45,11,42,1,0,347,26.7
2014,Hawai'i,13,47,7,46,0,0,349,26.8
2014,Boise State,14,46,16,41,4,1,375,26.8
2014,South Florida,12,41,12,40,0,1,324,27
2014,North Carolina State,13,44,15,42,0,0,351,27
2014,Ball State,12,42,11,39,1,0,326,27.2
2014,Cincinnati,13,42,20,40,0,1,354,27.2
2014,Nevada,13,45,13,41,1,1,354,27.2
2014,Appalachian State,12,42,14,34,0,0,328,27.3
2014,Navy,13,45,15,40,0,0,355,27.3
2014,BYU,13,44,17,41,1,0,358,27.5
2014,West Virginia,13,42,21,42,0,1,359,27.6
2014,Texas State,12,42,13,37,1,1,332,27.7
2014,Arizona State,13,46,13,46,1,0,363,27.9
2014,UCLA,13,45,17,40,2,0,365,28.1
2014,Texas A&M,13,45,17,44,0,0,365,28.1
2014,UTEP,13,49,8,47,0,0,365,28.1
2014,Arizona,14,49,17,46,1,1,395,28.2
2014,Tulane,12,41,17,40,1,1,341,28.4
2014,Rice,13,48,12,46,0,0,370,28.5
2014,Kent State,11,39,15,38,0,1,319,29
2014,Notre Dame,13,49,12,43,3,0,379,29.2
2014,San Jose State,12,45,13,44,0,0,353,29.4
2014,Connecticut,12,45,13,43,1,2,358,29.8
2014,North Texas,12,48,8,46,0,0,358,29.8
2014,UAB,12,49,8,41,0,0,359,29.9
2014,Maryland,13,46,23,45,0,1,392,30.2
2014,Rutgers,13,51,13,47,0,0,392,30.2
2014,South Carolina,13,48,19,46,2,0,395,30.4
2014,Toledo,13,51,15,43,1,0,396,30.5
2014,Arkansas State,13,54,7,51,0,0,396,30.5
2014,Oklahoma State,13,51,17,47,1,0,406,31.2
2014,Kentucky,12,48,14,45,0,0,375,31.3
2014,Buffalo,11,47,8,41,0,0,347,31.5
2014,Middle Tennessee,12,48,15,43,0,1,378,31.5
2014,Oregon State,12,47,17,42,2,0,379,31.6
2014,Purdue,12,48,16,44,0,0,380,31.7
2014,Miami (Ohio),12,50,12,44,0,1,382,31.8
2014,Fresno State,14,58,17,55,0,0,454,32.4
2014,Indiana,12,48,20,46,0,0,394,32.8
2014,Wyoming,12,51,13,47,1,0,394,32.8
2014,Army,12,50,15,46,2,0,395,32.9
2014,Massachusetts,12,51,14,46,1,0,396,33
2014,Kansas,12,47,24,45,0,0,399,33.3
2014,Vanderbilt,12,50,17,48,0,0,399,33.3
2014,Bowling Green,14,62,13,58,0,0,469,33.5
2014,Illinois,13,56,15,53,3,1,442,34
2014,Florida Atlantic,12,53,14,53,0,0,413,34.4
2014,Southern Mississippi,12,56,12,53,0,0,425,35.4
2014,New Mexico,12,58,10,51,1,0,431,35.9
2014,Troy,12,56,14,54,0,1,434,36.2
2014,Idaho,11,54,12,50,0,0,410,37.3
2014,Old Dominion,12,61,9,59,2,0,456,38
2014,UNLV,13,63,20,60,0,1,500,38.5
2014,Washington State,12,59,18,55,0,0,463,38.6
2014,Iowa State,12,58,21,55,0,0,466,38.8
2014,Colorado,12,60,18,54,0,0,468,39
2014,North Carolina,13,67,12,61,1,3,507,39
2014,New Mexico State,12,61,15,56,1,0,469,39.1
2014,Tulsa,12,62,12,59,1,1,471,39.3
2014,California,12,63,13,60,0,0,477,39.8
2014,Western Kentucky,13,70,11,66,0,0,519,39.9
2014,Eastern Michigan,12,65,13,62,0,0,491,40.9
2014,Texas Tech,12,63,18,61,0,1,495,41.3
2014,SMU,12,63,20,58,0,0,496,41.3
2014,Georgia State,12,67,18,64,0,0,520,43.3
2015,Wisconsin,13,22,8,22,0,0,178,13.7
2015,Ohio State,13,24,10,22,0,0,196,15.1
2015,Alabama,15,26,16,21,1,0,227,15.1
2015,Boston College,12,19,17,18,0,0,183,15.3
2015,Missouri,12,22,14,20,0,0,194,16.2
2015,Michigan,13,24,15,22,1,0,213,16.4
2015,San Diego State,14,29,9,29,0,0,230,16.4
2015,Georgia,13,26,13,23,1,0,220,16.9
2015,Florida State,13,26,15,24,0,1,227,17.5
2015,Marshall,13,28,12,25,1,0,231,17.8
2015,Florida,14,30,15,29,0,1,256,18.3
2015,Northwestern,13,30,11,27,0,1,242,18.6
2015,Washington,13,28,17,25,0,0,244,18.8
2015,Appalachian State,13,29,15,27,0,1,248,19.1
2015,Connecticut,13,29,16,27,0,2,253,19.5
2015,Tennessee,13,33,10,30,1,0,260,20
2015,Temple,14,31,21,28,0,2,281,20.1
2015,Boise State,13,33,11,32,0,0,263,20.2
2015,Iowa,14,32,20,31,1,0,285,20.4
2015,Houston,14,36,12,34,2,0,290,20.7
2015,Toledo,12,28,17,24,2,1,249,20.8
2015,Vanderbilt,12,26,23,25,0,1,252,21
2015,Akron,13,37,7,36,0,0,279,21.5
2015,Michigan State,14,39,12,34,0,0,304,21.7
2015,Clemson,15,41,14,35,1,0,325,21.7
2015,Navy,13,36,10,34,2,0,284,21.8
2015,Penn State,13,37,9,35,0,0,284,21.8
2015,Texas A&M,13,33,19,31,0,0,286,22
2015,Oklahoma,13,34,17,31,0,0,286,22
2015,Central Michigan,13,37,10,32,1,0,286,22
2015,Utah,13,35,15,33,0,1,290,22.3
2015,Mississippi,13,33,22,28,1,0,294,22.6
2015,Stanford,14,36,23,29,1,0,316,22.6
2015,BYU,13,38,11,36,0,0,297,22.8
2015,South Florida,13,35,18,34,0,0,298,22.9
2015,Mississippi State,13,34,21,33,1,0,302,23.2
2015,Illinois,12,34,14,29,1,1,279,23.3
2015,Georgia Southern,13,39,13,31,1,0,306,23.5
2015,Louisville,13,39,13,38,0,1,313,24.1
2015,Notre Dame,13,40,12,35,1,0,313,24.1
2015,LSU,12,38,9,34,1,0,291,24.3
2015,North Carolina,14,44,12,41,1,0,343,24.5
2015,Wake Forest,12,37,12,35,1,0,295,24.6
2015,West Virginia,13,36,23,33,1,0,320,24.6
2015,Minnesota,13,40,16,37,1,0,327,25.2
2015,Ohio,13,41,14,39,1,0,329,25.3
2015,Duke,13,42,13,37,1,0,330,25.4
2015,Air Force,14,45,15,42,0,0,357,25.5
2015,Southern Mississippi,14,42,21,39,1,1,358,25.6
2015,USC,14,44,18,42,0,0,360,25.7
2015,Georgia Tech,12,38,15,32,1,1,309,25.8
2015,North Carolina State,13,43,13,37,1,0,336,25.8
2015,Western Kentucky,14,48,10,45,0,0,363,25.9
2015,East Carolina,12,39,13,37,0,1,312,26
2015,UCLA,13,39,21,33,2,2,338,26
2015,Auburn,13,39,21,37,2,0,338,26
2015,Kent State,12,40,12,35,1,0,313,26.1
2015,Pittsburgh,13,38,25,36,0,0,339,26.1
2015,Virginia Tech,13,42,16,38,2,0,342,26.3
2015,Middle Tennessee,13,44,12,42,1,1,346,26.6
2015,Utah State,13,45,12,39,1,0,347,26.7
2015,Louisiana Tech,13,42,18,35,3,1,349,26.8
2015,Nevada,13,42,19,38,1,0,349,26.8
2015,Colorado State,13,42,21,39,0,0,354,27.2
2015,TCU,13,45,13,45,0,0,354,27.2
2015,San Jose State,13,46,11,41,0,2,354,27.2
2015,Memphis,13,46,12,43,0,0,355,27.3
2015,Kentucky,12,41,14,37,2,0,329,27.4
2015,Arkansas,13,44,16,40,2,0,356,27.4
2015,South Carolina,12,42,12,40,1,0,330,27.5
2015,Colorado,13,44,16,43,1,0,357,27.5
2015,Buffalo,12,43,9,42,0,2,331,27.6
2015,Northern Illinois,14,45,25,40,0,1,387,27.6
2015,Washington State,13,45,15,37,4,0,360,27.7
2015,Army,12,40,18,34,2,1,334,27.8
2015,Nebraska,13,45,16,40,2,0,362,27.8
2015,Miami (Florida),13,43,20,36,4,2,366,28.2
2015,Troy,12,43,12,43,0,1,339,28.3
2015,Georgia State,13,44,22,38,0,0,368,28.3
2015,Western Michigan,13,49,9,43,0,2,368,28.3
2015,Baylor,13,49,9,47,0,0,368,28.3
2015,New Mexico,13,45,18,43,1,0,369,28.4
2015,Florida Atlantic,12,44,12,41,0,2,345,28.8
2015,Bowling Green,14,50,18,49,1,0,405,28.9
2015,Florida International,12,47,10,44,0,1,358,29.8
2015,Arkansas State,13,52,11,48,0,0,393,30.2
2015,Texas,12,46,14,44,0,1,364,30.3
2015,Oklahoma State,13,51,13,45,2,1,396,30.5
2015,California,13,48,21,44,2,0,399,30.7
2015,Syracuse,12,46,17,45,0,0,372,31
2015,Cincinnati,13,51,16,47,1,1,405,31.2
2015,Massachusetts,12,45,20,43,1,1,377,31.4
2015,Kansas State,13,52,16,47,1,0,409,31.5
2015,Louisiana-Lafayette,12,49,13,45,1,1,382,31.8
2015,Miami (Ohio),12,48,17,45,0,0,384,32
2015,Virginia,12,45,22,42,1,3,386,32.2
2015,Iowa State,12,51,12,50,0,0,392,32.7
2015,UTEP,12,51,13,48,0,1,395,32.9
2015,Arizona State,13,55,18,49,1,0,435,33.5
2015,UNLV,12,53,11,49,2,0,404,33.7
2015,UTSA,12,50,18,47,1,1,405,33.8
2015,Wyoming,12,53,13,51,0,0,408,34
2015,Maryland,12,53,14,51,1,0,413,34.4
2015,Rutgers,12,55,12,51,1,0,419,34.9
2015,Hawai'i,13,59,17,58,0,0,463,35.6
2015,Old Dominion,12,54,18,51,0,0,429,35.8
2015,Ball State,12,56,14,52,0,0,430,35.8
2015,Rice,12,59,7,55,0,0,430,35.8
2015,Arizona,13,60,16,57,0,0,465,35.8
2015,Charlotte,12,55,18,49,1,0,435,36.3
2015,Tulane,12,57,10,57,0,3,435,36.3
2015,Purdue,12,57,14,52,1,0,438,36.5
2015,Louisiana-Monroe,13,61,16,57,1,1,475,36.5
2015,Oregon State,12,57,15,55,1,0,444,37
2015,South Alabama,12,58,14,51,2,1,447,37.3
2015,Oregon,13,62,18,58,2,0,488,37.5
2015,Indiana,13,65,13,54,3,0,489,37.6
2015,UCF,12,57,17,51,2,2,452,37.7
2015,Fresno State,12,63,6,57,1,1,457,38.1
2015,Texas State,12,62,12,60,1,0,470,39.2
2015,Tulsa,13,66,18,66,0,1,518,39.8
2015,North Texas,12,66,12,63,0,0,495,41.3
2015,Idaho,12,66,14,65,0,1,505,42.1
2015,Eastern Michigan,12,68,8,65,3,1,505,42.1
2015,Texas Tech,13,77,9,74,1,1,567,43.6
2015,New Mexico State,12,71,13,67,2,2,540,45
2015,SMU,12,75,8,72,1,0,548,45.7
2015,Kansas,12,72,16,69,1,1,553,46.1
2016,Alabama,15,21,16,19,1,0,195,13
2016,Michigan,13,22,10,17,1,1,183,14.1
2016,Ohio State,13,22,16,21,0,0,201,15.5
2016,Wisconsin,14,24,17,23,0,0,218,15.6
2016,LSU,12,16,25,12,3,0,189,15.8
2016,Florida,13,27,10,26,0,0,218,16.8
2016,Auburn,13,23,21,21,0,0,222,17.1
2016,Washington,14,30,12,28,1,1,248,17.7
2016,Appalachian State,13,28,12,28,0,0,232,17.8
2016,Clemson,15,34,12,30,0,0,270,18
2016,Temple,14,33,10,28,1,0,258,18.4
2016,Miami (Florida),13,28,15,28,0,0,241,18.5
2016,Iowa,13,30,12,29,0,0,245,18.8
2016,BYU,13,33,8,30,1,0,254,19.5
2016,Army,13,33,10,30,0,0,258,19.8
2016,Western Michigan,14,35,11,34,0,0,277,19.8
2016,San Diego State,14,37,8,35,1,0,283,20.2
2016,Stanford,13,33,12,29,1,0,265,20.4
2016,Arkansas State,13,31,21,28,0,1,279,21.5
2016,Colorado,14,36,17,35,0,1,304,21.7
2016,Minnesota,13,35,15,28,1,1,287,22.1
2016,Troy,13,36,12,35,0,0,287,22.1
2016,Wake Forest,13,37,10,34,0,1,288,22.2
2016,Northwestern,13,34,18,27,1,1,289,22.2
2016,Kansas State,13,37,9,35,1,2,290,22.3
2016,Ohio,14,38,17,36,1,0,317,22.6
2016,North Carolina State,13,34,20,30,1,0,296,22.8
2016,Virginia Tech,14,41,11,38,1,0,319,22.8
2016,Boise State,13,35,18,31,3,1,303,23.3
2016,Houston,13,37,15,34,1,1,305,23.5
2016,Louisville,13,38,13,34,2,2,309,23.8
2016,Miami (Ohio),13,39,13,36,0,0,309,23.8
2016,Utah,13,39,14,35,0,0,311,23.9
2016,Nebraska,13,40,12,31,1,1,311,23.9
2016,West Virginia,13,37,18,32,2,0,312,24
2016,Vanderbilt,13,37,19,33,0,0,312,24
2016,Georgia,13,41,9,39,0,0,312,24
2016,USC,13,41,10,39,0,0,315,24.2
2016,Georgia Tech,13,40,12,38,1,1,318,24.5
2016,Texas A&M,13,38,19,32,1,0,319,24.5
2016,UCF,13,40,14,36,1,0,320,24.6
2016,Western Kentucky,14,43,15,41,0,0,344,24.6
2016,North Carolina,13,40,13,39,0,3,324,24.9
2016,Florida State,13,40,15,32,3,1,325,25
2016,Boston College,13,44,6,43,0,0,325,25
2016,Louisiana-Lafayette,13,39,20,33,1,0,329,25.3
2016,Penn State,14,42,20,40,1,1,356,25.4
2016,Toledo,13,41,16,40,0,0,334,25.7
2016,Air Force,13,45,9,40,2,0,341,26.2
2016,Washington State,13,45,10,41,1,0,343,26.4
2016,Georgia Southern,12,39,15,37,1,0,318,26.5
2016,South Carolina,13,44,12,40,2,0,344,26.5
2016,Oklahoma State,13,46,10,37,1,0,345,26.5
2016,Georgia State,12,37,19,36,1,1,319,26.6
2016,Cincinnati,12,39,17,36,0,1,323,26.9
2016,South Alabama,13,44,15,34,4,0,351,27
2016,Indiana,13,42,21,37,0,1,354,27.2
2016,Old Dominion,13,47,7,45,3,0,354,27.2
2016,UCLA,12,37,24,34,1,0,330,27.5
2016,Tulane,12,42,12,36,3,1,332,27.7
2016,Michigan State,12,42,12,39,2,1,333,27.8
2016,Notre Dame,12,44,9,37,2,1,334,27.8
2016,UTSA,13,46,15,34,4,0,363,27.9
2016,TCU,13,43,21,39,2,0,364,28
2016,Connecticut,12,43,12,43,0,0,337,28.1
2016,Duke,12,43,13,41,0,0,338,28.2
2016,Kent State,12,43,13,37,2,3,344,28.7
2016,Oklahoma,13,46,18,43,1,0,375,28.8
2016,Tennessee,13,48,14,45,0,0,375,28.8
2016,Memphis,13,49,11,48,0,0,375,28.8
2016,Nevada,12,44,14,40,0,1,348,29
2016,Baylor,13,48,14,45,0,1,377,29
2016,Utah State,12,43,17,41,1,0,352,29.3
2016,Southern Mississippi,13,50,10,50,0,2,384,29.5
2016,Maryland,13,52,9,45,0,0,384,29.5
2016,Tulsa,13,48,18,44,1,0,388,29.8
2016,Eastern Michigan,13,52,9,47,1,0,388,29.8
2016,Ball State,12,46,13,44,1,0,361,30.1
2016,Northern Illinois,12,49,8,46,0,0,364,30.3
2016,Central Michigan,13,51,13,47,1,0,394,30.3
2016,Colorado State,13,53,9,50,0,0,395,30.4
2016,Oregon State,12,45,17,41,1,1,366,30.5
2016,Fresno State,12,48,12,45,1,0,371,30.9
2016,Navy,14,54,19,51,1,0,434,31
2016,Arkansas,13,54,9,51,1,0,404,31.1
2016,Iowa State,12,48,13,47,0,1,376,31.3
2016,Kentucky,13,50,19,48,1,0,407,31.3
2016,Idaho,13,52,15,48,1,0,407,31.3
2016,Texas,12,47,15,43,4,0,378,31.5
2016,Missouri,12,49,12,48,0,0,378,31.5
2016,New Mexico,13,54,12,49,0,0,409,31.5
2016,South Florida,13,50,21,42,2,1,411,31.6
2016,Mississippi State,13,53,15,44,3,0,413,31.8
2016,Illinois,12,47,17,46,1,1,383,31.9
2016,Buffalo,12,49,16,44,1,0,388,32.3
2016,North Texas,13,55,14,46,2,1,424,32.6
2016,Akron,12,50,17,48,1,1,403,33.6
2016,Louisiana Tech,14,62,12,60,1,0,470,33.6
2016,Virginia,12,51,16,49,1,0,405,33.8
2016,Mississippi,12,50,20,48,0,0,408,34
2016,Wyoming,14,61,18,55,1,0,477,34.1
2016,Charlotte,12,54,14,49,0,0,415,34.6
2016,San Jose State,12,54,13,53,0,0,416,34.7
2016,Florida International,12,55,10,52,2,1,418,34.8
2016,UTEP,12,53,16,47,3,0,419,34.9
2016,Pittsburgh,13,59,16,54,1,0,458,35.2
2016,Marshall,12,55,13,52,1,0,423,35.3
2016,Massachusetts,12,53,19,47,1,1,426,35.5
2016,Middle Tennessee,13,62,10,59,1,1,465,35.8
2016,East Carolina,12,56,13,54,0,2,433,36.1
2016,SMU,12,56,15,52,0,1,435,36.3
2016,UNLV,12,56,16,53,1,1,441,36.8
2016,Rice,12,58,13,57,1,1,448,37.3
2016,Kansas,12,58,16,50,0,1,448,37.3
2016,Hawai'i,14,67,19,63,0,0,522,37.3
2016,Rutgers,12,60,11,55,1,0,450,37.5
2016,Purdue,12,59,15,54,3,0,459,38.3
2016,Arizona,12,62,9,59,0,1,460,38.3
2016,Bowling Green,12,63,7,55,2,1,460,38.3
2016,Syracuse,12,61,12,57,2,0,463,38.6
2016,New Mexico State,12,60,16,56,1,0,466,38.8
2016,Louisiana-Monroe,12,60,17,54,1,1,469,39.1
2016,Florida Atlantic,12,63,12,57,3,0,477,39.8
2016,Arizona State,12,61,18,58,0,0,478,39.8
2016,Texas State,12,63,19,54,1,1,493,41.1
2016,Oregon,12,68,7,60,3,1,497,41.4
2016,California,12,67,14,65,0,1,511,42.6
2016,Texas Tech,12,68,14,66,1,2,522,43.5
2017,Alabama,14,18,14,15,0,1,167,11.9
2017,Clemson,14,22,12,22,0,0,190,13.6
2017,Wisconsin,14,21,16,21,0,0,195,13.9
2017,Virginia Tech,13,24,8,24,0,0,192,14.8
2017,Washington,13,24,14,23,0,0,209,16.1
2017,Georgia,15,28,17,27,0,0,246,16.4
2017,Penn State,13,27,10,20,1,0,214,16.5
2017,UTSA,11,24,7,22,0,0,187,17
2017,Wyoming,13,27,13,27,0,0,228,17.5
2017,Fresno State,14,30,14,27,1,0,251,17.9
2017,Troy,13,30,11,23,1,1,240,18.5
2017,Auburn,14,31,14,29,1,0,259,18.5
2017,Michigan,13,30,12,29,0,0,245,18.8
2017,LSU,13,27,18,24,2,1,246,18.9
2017,TCU,14,32,14,30,0,1,266,19
2017,Ohio State,14,35,7,33,1,0,266,19
2017,Iowa,13,30,16,29,0,1,259,19.9
2017,Marshall,13,32,13,28,0,0,259,19.9
2017,Michigan State,13,31,14,30,1,0,260,20
2017,Northwestern,13,33,10,31,0,1,261,20.1
2017,Appalachian State,13,30,18,29,0,0,263,20.2
2017,San Diego State,13,34,9,28,2,0,263,20.2
2017,Duke,13,34,9,32,0,0,263,20.2
2017,Purdue,13,32,15,28,0,1,267,20.5
2017,South Carolina,13,30,21,26,0,0,269,20.7
2017,Mississippi State,13,34,11,33,1,0,272,20.9
2017,Iowa State,13,34,12,30,1,0,272,20.9
2017,Miami (Florida),13,30,21,26,2,0,273,21
2017,Texas,13,33,16,30,0,0,276,21.2
2017,Florida State,13,34,14,28,1,0,276,21.2
2017,Notre Dame,13,34,14,31,1,0,279,21.5
2017,Northern Illinois,13,33,19,31,0,0,286,22
2017,Army,13,39,6,34,0,0,286,22
2017,Stanford,14,39,15,35,2,0,318,22.7
2017,Florida Atlantic,14,40,13,35,1,1,318,22.7
2017,Minnesota,12,36,9,29,1,0,274,22.8
2017,Boston College,13,37,13,34,0,1,297,22.8
2017,Boise State,14,42,9,39,0,1,320,22.9
2017,Utah,13,33,24,29,1,0,301,23.2
2017,Eastern Michigan,12,35,12,34,0,0,280,23.3
2017,South Florida,12,37,8,32,2,0,282,23.5
2017,Houston,12,32,21,31,0,0,286,23.8
2017,Miami (Ohio),12,37,10,35,1,0,289,24.1
2017,Ohio,13,38,17,32,1,1,315,24.2
2017,Southern Mississippi,13,40,15,33,0,0,318,24.5
2017,BYU,13,37,21,34,0,1,321,24.7
2017,Middle Tennessee,13,39,16,37,0,1,321,24.7
2017,Georgia State,12,38,11,36,0,0,297,24.8
2017,Buffalo,12,39,9,35,1,0,298,24.8
2017,Kansas State,13,40,17,34,1,0,327,25.2
2017,North Carolina State,13,40,16,36,1,1,328,25.2
2017,Indiana,12,39,10,38,1,0,304,25.3
2017,UCF,13,43,11,36,1,0,329,25.3
2017,Louisiana Tech,13,41,15,33,3,0,330,25.4
2017,UAB,13,39,21,30,3,0,333,25.6
2017,Idaho,12,36,20,31,1,0,309,25.8
2017,Arkansas State,12,40,9,34,3,1,309,25.8
2017,Temple,13,40,18,39,1,0,335,25.8
2017,Washington State,13,41,15,40,1,1,335,25.8
2017,USC,14,46,15,43,1,0,366,26.1
2017,Toledo,14,48,12,43,0,0,367,26.2
2017,Navy,13,43,13,37,4,0,342,26.3
2017,Georgia Tech,11,35,16,30,1,1,292,26.5
2017,South Alabama,12,38,19,31,1,0,318,26.5
2017,Pittsburgh,12,41,10,41,0,1,319,26.6
2017,Western Kentucky,13,42,18,41,1,0,349,26.8
2017,Utah State,13,43,16,40,0,2,350,26.9
2017,Oklahoma,14,47,17,42,2,0,379,27.1
2017,Florida,11,36,16,36,0,0,300,27.3
2017,Louisville,13,47,9,45,1,0,356,27.4
2017,Central Michigan,13,44,17,41,0,1,358,27.5
2017,Colorado State,13,46,13,46,0,0,361,27.8
2017,Akron,14,49,17,45,1,0,392,28
2017,Colorado,12,42,15,39,1,0,338,28.2
2017,Kentucky,13,46,16,43,0,0,367,28.2
2017,Rutgers,12,41,18,40,0,0,340,28.3
2017,Wake Forest,13,45,18,40,2,0,368,28.3
2017,California,12,40,21,38,0,0,341,28.4
2017,Virginia,13,49,9,44,1,1,369,28.4
2017,Florida International,13,47,13,39,4,1,370,28.5
2017,Western Michigan,12,47,7,43,1,0,348,29
2017,Oregon,13,47,16,47,0,0,377,29
2017,Tennessee,12,45,13,38,1,0,349,29.1
2017,Tulane,12,47,7,45,0,1,350,29.2
2017,Oklahoma State,13,48,15,47,1,0,382,29.4
2017,New Mexico State,13,50,13,43,2,0,386,29.7
2017,Texas A&M,13,51,13,48,3,0,399,30.7
2017,North Carolina,12,48,14,41,1,1,375,31.3
2017,Vanderbilt,12,48,13,47,0,1,376,31.3
2017,Illinois,12,50,10,48,0,0,378,31.5
2017,West Virginia,13,50,21,46,0,0,409,31.5
2017,Old Dominion,12,51,7,49,1,1,380,31.7
2017,UNLV,12,49,13,44,1,1,381,31.8
2017,Cincinnati,12,46,20,42,1,1,382,31.8
2017,Massachusetts,12,47,17,45,1,1,382,31.8
2017,New Mexico,12,50,11,47,1,0,382,31.8
2017,Missouri,13,50,20,48,1,2,414,31.8
2017,Syracuse,12,49,14,46,1,1,386,32.2
2017,Georgia Southern,12,52,8,48,1,0,386,32.2
2017,Texas Tech,13,52,18,49,2,0,419,32.2
2017,Air Force,12,49,15,48,1,0,389,32.4
2017,Memphis,13,56,10,50,2,1,422,32.5
2017,Charlotte,12,51,12,49,1,0,393,32.8
2017,Arizona State,13,54,18,49,0,0,427,32.8
2017,Texas State,12,48,22,45,1,1,403,33.6
2017,Nevada,12,51,17,50,0,0,407,33.9
2017,Hawai'i,12,55,8,51,1,0,407,33.9
2017,Coastal Carolina,12,54,11,49,1,0,408,34
2017,Arizona,13,59,11,54,2,1,447,34.4
2017,Mississippi,12,51,20,47,1,0,415,34.6
2017,North Texas,14,63,15,57,4,1,490,35
2017,Kent State,12,56,10,55,0,0,421,35.1
2017,Rice,12,55,15,54,0,0,429,35.8
2017,Baylor,12,52,22,51,1,0,431,35.9
2017,Arkansas,12,56,15,53,0,0,434,36.2
2017,Nebraska,12,58,10,57,0,1,437,36.4
2017,UCLA,13,58,23,55,1,1,476,36.6
2017,SMU,13,62,14,57,3,0,477,36.7
2017,UTEP,12,60,7,56,2,0,441,36.8
2017,Maryland,12,59,11,56,0,1,445,37.1
2017,Tulsa,12,58,16,50,2,0,450,37.5
2017,Connecticut,12,61,10,57,1,0,455,37.9
2017,Bowling Green,12,61,11,57,0,0,456,38
2017,Louisiana-Lafayette,12,64,11,59,1,1,480,40
2017,Ball State,12,65,12,60,1,0,488,40.7
2017,Louisiana-Monroe,12,67,9,57,3,0,492,41
2017,San Jose State,13,70,17,69,1,0,542,41.7
2017,Oregon State,12,67,16,60,2,1,516,43
2017,Kansas,12,68,16,63,1,0,521,43.4
2017,East Carolina,12,73,11,69,0,0,540,45
2018,Mississippi State,6,7,9,7,0,0,76,12.7
2018,Georgia,6,10,3,7,1,0,78,13
2018,Washington,6,9,7,7,0,0,82,13.7
2018,Cincinnati,6,10,4,10,0,0,82,13.7
2018,Kentucky,6,10,5,8,0,0,83,13.8
2018,Auburn,6,7,12,6,0,1,86,14.3
2018,Clemson,6,10,6,9,0,0,87,14.5
2018,Florida,6,10,7,6,1,0,89,14.8
2018,Fresno State,5,9,5,7,1,0,78,15.6
2018,Michigan,6,12,4,11,0,0,95,15.8
2018,Alabama,6,12,4,12,0,0,96,16
2018,Wisconsin,5,10,4,10,0,0,82,16.4
2018,Iowa,5,11,2,11,0,0,83,16.6
2018,North Carolina State,5,10,5,9,0,0,84,16.8
2018,Appalachian State,4,8,4,8,0,0,68,17
2018,UAB,5,12,1,10,0,0,85,17
2018,LSU,6,13,4,12,0,0,102,17
2018,Utah,5,11,3,11,0,0,86,17.2
2018,UCF,5,11,4,9,0,0,87,17.4
2018,Georgia Southern,5,10,7,8,1,0,91,18.2
2018,Colorado,5,11,5,11,0,0,92,18.4
2018,Duke,5,13,1,11,0,0,92,18.4
2018,Southern Mississippi,4,10,1,9,1,0,74,18.5
2018,Miami (Florida),6,12,9,12,0,0,111,18.5
2018,West Virginia,5,11,5,10,1,0,93,18.6
2018,North Texas,6,13,8,10,2,0,116,19.3
2018,Notre Dame,6,12,11,12,0,0,117,19.5
2018,San Diego State,5,13,2,11,1,1,99,19.8
2018,Ohio State,6,15,6,12,0,0,120,20
2018,Texas A&M,6,16,3,16,0,0,121,20.2
2018,Virginia,5,12,6,10,1,0,102,20.4
2018,TCU,5,13,4,12,0,1,104,20.8
2018,Boise State,5,13,5,11,0,0,104,20.8
2018,Penn State,5,14,3,12,0,0,105,21
2018,Arizona State,6,15,7,14,1,0,127,21.2
2018,Air Force,5,15,2,12,1,0,110,22
2018,Army,5,15,2,14,0,0,110,22
2018,Stanford,6,15,9,15,0,0,132,22
2018,Temple,6,18,5,12,1,0,137,22.8
2018,Utah State,5,12,10,9,2,0,115,23
2018,Michigan State,5,13,8,11,2,0,117,23.4
2018,Minnesota,5,15,4,15,0,0,117,23.4
2018,Northern Illinois,6,15,12,14,0,1,142,23.7
2018,Washington State,6,18,5,16,1,1,143,23.8
2018,Vanderbilt,6,17,9,15,0,0,144,24
2018,Texas,6,18,6,18,0,0,144,24
2018,Ball State,6,19,4,18,0,0,144,24
2018,Buffalo,6,19,4,18,1,0,146,24.3
2018,Iowa State,5,14,8,14,0,0,122,24.4
2018,Florida International,5,14,8,14,0,0,122,24.4
2018,Oregon,5,15,6,14,0,0,122,24.4
2018,Eastern Michigan,6,18,8,15,0,0,147,24.5
2018,Memphis,6,20,3,14,1,1,147,24.5
2018,BYU,6,20,3,19,0,0,148,24.7
2018,California,5,16,4,14,1,0,124,24.8
2018,Western Kentucky,5,14,9,14,0,0,125,25
2018,Troy,6,20,4,16,1,0,150,25
2018,South Florida,5,15,7,15,0,0,126,25.2
2018,Northwestern,5,15,8,12,0,0,126,25.2
2018,Syracuse,6,19,6,19,0,0,151,25.2
2018,Florida State,6,19,7,16,0,0,151,25.2
2018,Wyoming,6,19,7,18,0,0,153,25.5
2018,Tennessee,5,16,5,15,0,1,128,25.6
2018,Virginia Tech,5,17,3,17,0,0,128,25.6
2018,South Carolina,5,14,11,12,0,0,129,25.8
2018,Indiana,6,21,2,21,1,0,155,25.8
2018,USC,5,17,5,14,0,0,131,26.2
2018,Marshall,5,16,7,15,0,0,132,26.4
2018,Purdue,5,16,7,15,0,0,132,26.4
2018,Kansas,6,20,7,18,0,0,159,26.5
2018,Arizona,6,21,4,21,0,0,159,26.5
2018,Maryland,5,17,4,15,1,1,133,26.6
2018,Central Michigan,6,20,6,20,0,1,160,26.7
2018,Akron,4,13,6,12,0,0,108,27
2018,Miami (Ohio),6,22,3,19,0,1,162,27
2018,Boston College,6,22,3,21,0,0,162,27
2018,Louisiana Tech,5,19,2,16,0,0,136,27.2
2018,Kansas State,6,20,7,18,1,1,163,27.2
2018,Oklahoma,6,21,6,20,0,0,164,27.3
2018,Oklahoma State,6,22,4,20,1,1,168,28
2018,Georgia Tech,6,23,3,23,0,0,170,28.3
2018,Illinois,5,19,3,18,1,0,143,28.6
2018,UTSA,6,22,6,22,0,0,172,28.7
2018,Missouri,5,16,11,15,0,0,144,28.8
2018,Arkansas State,5,20,3,17,0,0,146,29.2
2018,Houston,5,18,7,17,0,1,148,29.6
2018,Hawai'i,7,27,6,25,0,1,207,29.6
2018,East Carolina,5,19,6,17,1,0,151,30.2
2018,Tulane,6,24,5,22,0,0,181,30.2
2018,Western Michigan,6,24,6,20,0,0,182,30.3
2018,Texas Tech,5,20,5,20,0,0,155,31
2018,Tulsa,5,19,7,19,0,1,156,31.2
2018,Charlotte,5,22,2,19,0,0,157,31.4
2018,UTEP,6,23,10,22,0,0,190,31.7
2018,UNLV,5,20,8,15,1,0,161,32.2
2018,Baylor,6,25,7,23,0,0,194,32.3
2018,Texas State,5,21,5,18,1,1,163,32.6
2018,Louisville,6,26,5,25,0,0,196,32.7
2018,Pittsburgh,6,26,5,24,0,1,197,32.8
2018,New Mexico,5,22,4,20,1,0,166,33.2
2018,Navy,5,23,2,21,1,0,167,33.4
2018,Coastal Carolina,5,23,2,23,0,0,167,33.4
2018,Middle Tennessee,5,23,3,22,0,0,169,33.8
2018,Nevada,6,27,4,26,0,2,204,34
2018,Georgia State,6,26,7,26,0,1,205,34.2
2018,Mississippi,6,27,8,27,0,0,213,35.5
2018,Ohio,5,23,7,20,0,0,179,35.8
2018,Toledo,5,25,2,23,1,0,181,36.2
2018,Rutgers,6,29,5,29,0,0,218,36.3
2018,UCLA,5,24,4,22,1,1,182,36.4
2018,North Carolina,4,19,5,18,0,0,147,36.8
2018,Arkansas,6,27,11,24,1,0,221,36.8
2018,Wake Forest,6,31,2,29,0,0,221,36.8
2018,Louisiana-Lafayette,5,26,2,24,0,0,186,37.2
2018,Liberty,5,26,3,22,0,0,187,37.4
2018,Kent State,6,31,3,30,0,0,225,37.5
2018,Colorado State,6,29,8,28,0,1,228,38
2018,Rice,6,31,5,27,2,0,232,38.7
2018,Old Dominion,6,32,4,26,1,0,232,38.7
2018,Florida Atlantic,6,33,1,29,1,0,232,38.7
2018,Nebraska,5,24,9,21,1,1,196,39.2
2018,San Jose State,5,26,4,24,1,1,196,39.2
2018,SMU,6,30,9,29,1,0,238,39.7
2018,New Mexico State,6,29,12,28,0,1,240,40
2018,Louisiana-Monroe,6,33,7,31,0,0,250,41.7
2018,South Alabama,6,35,8,34,0,0,268,44.7
2018,Massachusetts,7,41,10,38,0,0,314,44.9
2018,Oregon State,6,39,4,36,0,0,282,47
2018,Bowling Green,6,40,3,40,0,1,291,48.5
2018,Connecticut,6,44,5,43,0,0,322,53.7