Year,Name,G,Attempts,Conversions,Conversion %
2009,BYU,13,169,94,55.62
2009,Georgia Tech,14,199,104,52.26
2009,Houston,14,191,98,51.31
2009,Texas A&M,13,207,104,50.24
2009,Central Michigan,14,184,92,50
2009,Nevada,13,159,79,49.69
2009,Florida,14,177,87,49.15
2009,Penn State,13,182,88,48.35
2009,Idaho,13,159,76,47.8
2009,Wisconsin,13,180,85,47.22
2009,Navy,14,196,91,46.43
2009,UNLV,12,166,77,46.39
2009,Florida State,13,160,74,46.25
2009,Washington,12,169,78,46.15
2009,Oregon State,13,183,84,45.9
2009,Northwestern,13,221,101,45.7
2009,Bowling Green,13,204,93,45.59
2009,Texas,14,210,95,45.24
2009,Hawai'i,13,149,67,44.97
2009,Florida Atlantic,12,165,74,44.85
2009,North Carolina State,12,154,69,44.81
2009,Miami (Florida),13,177,79,44.63
2009,Stanford,13,158,70,44.3
2009,Air Force,13,226,100,44.25
2009,Fresno State,13,174,77,44.25
2009,Wake Forest,12,175,77,44
2009,Tulane,12,167,73,43.71
2009,East Carolina,14,209,91,43.54
2009,Troy,13,184,80,43.48
2009,Kansas,12,175,76,43.43
2009,Northern Illinois,13,176,76,43.18
2009,Pittsburgh,13,172,74,43.02
2009,Virginia Tech,13,172,74,43.02
2009,Louisiana-Monroe,12,170,73,42.94
2009,Marshall,13,191,81,42.41
2009,Louisiana-Lafayette,12,184,78,42.39
2009,Purdue,12,177,75,42.37
2009,San Diego State,12,168,71,42.26
2009,West Virginia,13,173,73,42.2
2009,North Texas,12,164,69,42.07
2009,Ohio State,13,193,81,41.97
2009,Southern Mississippi,13,174,73,41.95
2009,Louisiana Tech,12,167,70,41.92
2009,South Florida,13,172,72,41.86
2009,Cincinnati,13,144,60,41.67
2009,Texas Tech,13,173,72,41.62
2009,Western Michigan,12,178,74,41.57
2009,Buffalo,12,166,69,41.57
2009,Mississippi,13,176,73,41.48
2009,Arizona,13,186,77,41.4
2009,Iowa State,13,191,79,41.36
2009,Toledo,12,175,72,41.14
2009,UTEP,12,158,65,41.14
2009,Notre Dame,12,156,64,41.03
2009,Connecticut,13,194,79,40.72
2009,TCU,13,158,64,40.51
2009,Auburn,13,177,71,40.11
2009,Oklahoma,13,202,81,40.1
2009,Tennessee,13,176,70,39.77
2009,Michigan,12,166,66,39.76
2009,Georgia,13,167,66,39.52
2009,Alabama,14,194,76,39.18
2009,Indiana,12,174,68,39.08
2009,Illinois,12,174,68,39.08
2009,Kentucky,13,193,75,38.86
2009,Tulsa,12,175,68,38.86
2009,Clemson,14,191,74,38.74
2009,Miami (Ohio),12,184,71,38.59
2009,Nebraska,14,201,77,38.31
2009,Iowa,13,183,70,38.25
2009,LSU,13,160,61,38.13
2009,Utah,13,187,71,37.97
2009,Boise State,14,174,66,37.93
2009,Eastern Michigan,12,172,65,37.79
2009,UCF,13,178,67,37.64
2009,Duke,12,182,68,37.36
2009,South Carolina,13,188,70,37.23
2009,North Carolina,13,186,69,37.1
2009,UAB,12,141,52,36.88
2009,Oklahoma State,13,179,66,36.87
2009,Louisville,12,171,63,36.84
2009,Missouri,13,185,68,36.76
2009,Maryland,12,186,68,36.56
2009,Michigan State,13,170,62,36.47
2009,Temple,13,171,62,36.26
2009,California,13,177,64,36.16
2009,Utah State,12,181,65,35.91
2009,Colorado,12,190,68,35.79
2009,USC,13,157,56,35.67
2009,Vanderbilt,12,192,68,35.42
2009,Middle Tennessee,13,209,74,35.41
2009,Baylor,12,167,59,35.33
2009,Memphis,12,167,59,35.33
2009,Colorado State,12,150,53,35.33
2009,Oregon,13,168,59,35.12
2009,Wyoming,13,206,72,34.95
2009,Florida International,12,192,67,34.9
2009,Virginia,12,178,61,34.27
2009,Rutgers,13,184,63,34.24
2009,Kansas State,12,164,56,34.15
2009,Minnesota,13,179,61,34.08
2009,UCLA,13,185,63,34.05
2009,Ball State,12,165,56,33.94
2009,Mississippi State,12,160,54,33.75
2009,Arkansas,13,162,54,33.33
2009,Arkansas State,12,144,48,33.33
2009,San Jose State,12,166,55,33.13
2009,Ohio,14,193,62,32.12
2009,Akron,12,150,48,32
2009,Syracuse,12,148,47,31.76
2009,Western Kentucky,12,147,46,31.29
2009,SMU,13,161,50,31.06
2009,Rice,12,182,56,30.77
2009,Arizona State,12,169,52,30.77
2009,New Mexico State,13,181,55,30.39
2009,Boston College,13,172,52,30.23
2009,New Mexico,12,186,56,30.11
2009,Kent State,12,166,48,28.92
2009,Army,12,173,50,28.9
2009,Washington State,12,168,40,23.81
2010,Stanford,13,172,99,57.56
2010,Nevada,14,187,101,54.01
2010,Auburn,14,162,86,53.09
2010,TCU,13,159,84,52.83
2010,Navy,13,170,88,51.76
2010,UCF,14,177,90,50.85
2010,Northern Illinois,14,170,86,50.59
2010,Air Force,13,186,94,50.54
2010,Wisconsin,13,145,73,50.34
2010,South Carolina,14,181,89,49.17
2010,Boise State,13,155,76,49.03
2010,Southern Mississippi,13,215,105,48.84
2010,Houston,12,163,79,48.47
2010,Arizona,13,194,94,48.45
2010,Florida State,14,185,89,48.11
2010,Tulsa,13,181,87,48.07
2010,UTEP,13,178,84,47.19
2010,Northwestern,13,192,90,46.88
2010,Kansas State,13,176,82,46.59
2010,San Diego State,13,172,80,46.51
2010,Ohio State,13,171,79,46.2
2010,Iowa,13,158,73,46.2
2010,Army,13,193,89,46.11
2010,BYU,13,200,92,46
2010,Mississippi State,13,196,90,45.92
2010,Rice,12,184,84,45.65
2010,Cincinnati,12,171,78,45.61
2010,Oregon,13,184,83,45.11
2010,Colorado,12,182,82,45.05
2010,Michigan,13,172,77,44.77
2010,West Virginia,13,199,89,44.72
2010,Virginia Tech,14,180,80,44.44
2010,Alabama,13,151,67,44.37
2010,Oklahoma,14,246,109,44.31
2010,Texas Tech,13,210,93,44.29
2010,Kentucky,13,179,79,44.13
2010,SMU,14,182,80,43.96
2010,Indiana,12,169,74,43.79
2010,Idaho,13,198,86,43.43
2010,Oklahoma State,13,175,76,43.43
2010,North Carolina State,13,208,90,43.27
2010,USC,13,178,77,43.26
2010,East Carolina,13,181,78,43.09
2010,Troy,13,200,86,43
2010,Pittsburgh,13,175,74,42.29
2010,Utah,13,175,74,42.29
2010,UAB,12,186,78,41.94
2010,Penn State,13,189,79,41.8
2010,Texas A&M,13,201,84,41.79
2010,Arkansas,13,165,68,41.21
2010,Nebraska,14,192,79,41.15
2010,Kansas,12,198,81,40.91
2010,Miami (Florida),13,186,76,40.86
2010,Illinois,13,177,72,40.68
2010,Georgia,13,163,66,40.49
2010,Georgia Tech,13,183,74,40.44
2010,Texas,12,192,77,40.1
2010,Baylor,13,180,72,40
2010,Arizona State,12,180,72,40
2010,Toledo,13,188,75,39.89
2010,Western Michigan,12,183,73,39.89
2010,Duke,12,183,73,39.89
2010,Louisville,13,178,71,39.89
2010,Utah State,12,186,74,39.78
2010,North Texas,12,179,71,39.66
2010,Clemson,13,191,75,39.27
2010,Western Kentucky,12,184,72,39.13
2010,Washington State,12,179,70,39.11
2010,North Carolina,13,182,71,39.01
2010,Minnesota,12,172,67,38.95
2010,Tulane,12,183,71,38.8
2010,Notre Dame,13,180,69,38.33
2010,Syracuse,13,175,67,38.29
2010,Missouri,13,184,70,38.04
2010,LSU,13,184,70,38.04
2010,Middle Tennessee,13,199,75,37.69
2010,Hawai'i,14,149,56,37.58
2010,Iowa State,12,181,68,37.57
2010,Louisiana Tech,12,181,68,37.57
2010,Michigan State,13,168,63,37.5
2010,Central Michigan,12,171,64,37.43
2010,Florida,13,171,64,37.43
2010,Virginia,12,172,64,37.21
2010,Florida International,13,183,68,37.16
2010,Marshall,12,178,66,37.08
2010,Colorado State,12,169,62,36.69
2010,Oregon State,12,153,56,36.6
2010,Tennessee,13,189,69,36.51
2010,Buffalo,12,200,73,36.5
2010,Miami (Ohio),14,195,70,35.9
2010,Maryland,13,171,61,35.67
2010,Louisiana-Monroe,12,189,67,35.45
2010,Fresno State,13,178,63,35.39
2010,Temple,12,147,52,35.37
2010,UCLA,12,167,59,35.33
2010,Eastern Michigan,12,173,61,35.26
2010,Louisiana-Lafayette,12,196,69,35.2
2010,Bowling Green,12,185,65,35.14
2010,California,12,149,52,34.9
2010,Akron,12,175,61,34.86
2010,Ohio,13,145,50,34.48
2010,Mississippi,12,175,60,34.29
2010,UNLV,13,179,61,34.08
2010,Wake Forest,12,179,61,34.08
2010,Arkansas State,12,153,52,33.99
2010,Ball State,12,153,51,33.33
2010,Boston College,13,192,63,32.81
2010,Florida Atlantic,12,164,53,32.32
2010,New Mexico,12,183,59,32.24
2010,Purdue,12,180,58,32.22
2010,Memphis,12,165,53,32.12
2010,Washington,13,184,59,32.07
2010,South Florida,13,162,51,31.48
2010,Connecticut,13,191,60,31.41
2010,Rutgers,12,173,54,31.21
2010,Wyoming,12,146,45,30.82
2010,Kent State,12,160,49,30.63
2010,New Mexico State,12,190,57,30
2010,Vanderbilt,12,171,46,26.9
2010,San Jose State,13,173,45,26.01
2011,Wisconsin,14,170,93,54.71
2011,Georgia Tech,13,182,98,53.85
2011,Stanford,13,175,92,52.57
2011,TCU,13,169,88,52.07
2011,BYU,13,191,98,51.31
2011,Boise State,13,172,88,51.16
2011,Houston,14,203,103,50.74
2011,Oklahoma State,13,184,90,48.91
2011,Utah State,13,186,90,48.39
2011,Texas Tech,12,191,92,48.17
2011,USC,12,150,72,48
2011,Toledo,13,188,90,47.87
2011,Northwestern,13,186,89,47.85
2011,Ohio,14,208,99,47.6
2011,Navy,12,171,81,47.37
2011,Michigan,13,168,79,47.02
2011,Air Force,13,181,85,46.96
2011,Notre Dame,13,174,81,46.55
2011,Alabama,13,168,78,46.43
2011,Texas A&M,13,190,88,46.32
2011,Temple,13,175,81,46.29
2011,East Carolina,12,178,82,46.07
2011,Washington,13,172,79,45.93
2011,Virginia Tech,14,205,94,45.85
2011,Nevada,13,192,88,45.83
2011,Army,12,158,72,45.57
2011,Baylor,13,161,73,45.34
2011,Oregon,14,182,82,45.05
2011,San Diego State,13,200,90,45
2011,LSU,14,170,76,44.71
2011,Hawai'i,13,177,79,44.63
2011,UCF,12,158,70,44.3
2011,Northern Illinois,14,197,87,44.16
2011,Texas,13,206,90,43.69
2011,Clemson,14,217,94,43.32
2011,Western Kentucky,12,187,81,43.32
2011,Arizona,12,164,71,43.29
2011,North Carolina State,13,201,87,43.28
2011,South Carolina,13,181,78,43.09
2011,Wyoming,13,198,85,42.93
2011,Georgia,14,218,93,42.66
2011,Western Michigan,13,169,72,42.6
2011,Miami (Florida),12,148,63,42.57
2011,Arkansas,13,184,78,42.39
2011,Syracuse,12,177,75,42.37
2011,Illinois,13,194,82,42.27
2011,Nebraska,13,194,82,42.27
2011,Arkansas State,13,202,85,42.08
2011,Kansas State,13,195,82,42.05
2011,Southern Mississippi,14,213,89,41.78
2011,Oklahoma,13,194,81,41.75
2011,Washington State,12,180,75,41.67
2011,Tulsa,13,180,75,41.67
2011,Louisiana-Monroe,12,200,83,41.5
2011,Miami (Ohio),12,171,70,40.94
2011,Tennessee,12,171,70,40.94
2011,Virginia,13,193,79,40.93
2011,Ball State,12,176,72,40.91
2011,Indiana,12,196,80,40.82
2011,Middle Tennessee,12,197,80,40.61
2011,West Virginia,13,180,73,40.56
2011,California,13,180,73,40.56
2011,North Carolina,13,158,64,40.51
2011,SMU,13,168,68,40.48
2011,UAB,12,166,67,40.36
2011,Eastern Michigan,12,176,71,40.34
2011,Purdue,13,196,79,40.31
2011,Iowa State,13,221,89,40.27
2011,Oregon State,12,167,67,40.12
2011,South Florida,12,175,70,40
2011,Iowa,13,165,66,40
2011,Missouri,13,183,73,39.89
2011,New Mexico State,13,192,76,39.58
2011,San Jose State,12,175,69,39.43
2011,Louisville,13,188,74,39.36
2011,Duke,12,189,74,39.15
2011,UTEP,12,162,63,38.89
2011,Kansas,12,188,73,38.83
2011,Troy,12,188,73,38.83
2011,Arizona State,13,178,69,38.76
2011,Ohio State,13,173,67,38.73
2011,Mississippi State,13,186,72,38.71
2011,Louisiana-Lafayette,13,199,77,38.69
2011,Michigan State,14,202,78,38.61
2011,Florida State,13,154,59,38.31
2011,Minnesota,12,160,61,38.13
2011,Tulane,13,200,76,38
2011,North Texas,12,185,70,37.84
2011,Cincinnati,13,183,69,37.7
2011,Fresno State,13,179,67,37.43
2011,Boston College,12,166,62,37.35
2011,Florida International,13,188,70,37.23
2011,Rice,12,192,71,36.98
2011,Louisiana Tech,13,217,80,36.87
2011,UCLA,14,180,66,36.67
2011,Rutgers,13,202,74,36.63
2011,Penn State,13,193,70,36.27
2011,Marshall,13,194,70,36.08
2011,Colorado,13,189,68,35.98
2011,Bowling Green,12,164,59,35.98
2011,Auburn,13,171,61,35.67
2011,Maryland,12,174,62,35.63
2011,Wake Forest,13,189,67,35.45
2011,Central Michigan,12,161,57,35.4
2011,Colorado State,12,164,56,34.15
2011,Buffalo,12,185,63,34.05
2011,Vanderbilt,13,185,63,34.05
2011,Pittsburgh,13,193,65,33.68
2011,Utah,13,176,59,33.52
2011,Mississippi,12,173,57,32.95
2011,Florida,13,159,51,32.08
2011,New Mexico,12,173,53,30.64
2011,Memphis,12,184,56,30.43
2011,Idaho,12,185,54,29.19
2011,Kentucky,12,176,51,28.98
2011,Kent State,12,191,55,28.8
2011,Florida Atlantic,12,167,48,28.74
2011,Connecticut,12,173,49,28.32
2011,UNLV,12,175,49,28
2011,Akron,12,180,50,27.78
2012,Texas A&M,13,195,107,54.87
2012,Marshall,12,207,113,54.59
2012,Nevada,13,193,102,52.85
2012,Oklahoma,13,185,96,51.89
2012,Clemson,13,205,105,51.22
2012,Michigan,13,173,87,50.29
2012,Kansas State,13,160,80,50
2012,Louisville,13,185,92,49.73
2012,Syracuse,13,213,105,49.3
2012,Texas Tech,13,175,86,49.14
2012,UCF,14,186,91,48.92
2012,Troy,12,193,94,48.7
2012,Air Force,13,189,92,48.68
2012,Texas,13,179,87,48.6
2012,Alabama,14,167,80,47.9
2012,Western Kentucky,13,167,80,47.9
2012,Georgia,14,179,85,47.49
2012,Ball State,13,189,89,47.09
2012,Louisiana-Monroe,13,209,98,46.89
2012,Arkansas State,13,173,81,46.82
2012,Army,12,180,84,46.67
2012,Northern Illinois,14,204,95,46.57
2012,Oregon,13,196,91,46.43
2012,San Diego State,13,181,84,46.41
2012,Notre Dame,13,177,82,46.33
2012,Oklahoma State,13,184,85,46.2
2012,Baylor,13,184,85,46.2
2012,Western Michigan,12,182,84,46.15
2012,Northwestern,13,196,90,45.92
2012,BYU,13,212,97,45.75
2012,Georgia Tech,14,195,89,45.64
2012,Rice,13,220,100,45.45
2012,UTSA,10,143,65,45.45
2012,Utah State,13,181,82,45.3
2012,Boise State,13,176,78,44.32
2012,Mississippi,13,201,89,44.28
2012,Arizona,13,182,80,43.96
2012,South Florida,12,176,77,43.75
2012,West Virginia,13,183,80,43.72
2012,East Carolina,13,191,83,43.46
2012,San Jose State,13,176,76,43.18
2012,Nebraska,14,197,85,43.15
2012,Ohio,13,203,87,42.86
2012,Middle Tennessee,12,161,69,42.86
2012,Cincinnati,13,171,73,42.69
2012,South Carolina,13,176,75,42.61
2012,Penn State,12,195,83,42.56
2012,Ohio State,12,158,67,42.41
2012,Florida State,14,163,69,42.33
2012,Louisiana Tech,12,182,77,42.31
2012,Toledo,13,192,81,42.19
2012,Wyoming,12,179,75,41.9
2012,North Carolina State,13,230,95,41.3
2012,Arizona State,13,194,80,41.24
2012,Florida Atlantic,12,187,77,41.18
2012,North Carolina,12,170,70,41.18
2012,Houston,12,197,81,41.12
2012,Navy,13,156,64,41.03
2012,UNLV,13,200,82,41
2012,Fresno State,13,200,81,40.5
2012,Kentucky,12,178,72,40.45
2012,Akron,12,191,77,40.31
2012,LSU,13,194,78,40.21
2012,Purdue,13,204,81,39.71
2012,Pittsburgh,13,189,75,39.68
2012,UAB,12,177,70,39.55
2012,Michigan State,13,215,85,39.53
2012,Miami (Florida),12,170,67,39.41
2012,New Mexico,13,168,66,39.29
2012,SMU,13,199,78,39.2
2012,Miami (Ohio),12,176,69,39.2
2012,Tulane,12,184,72,39.13
2012,Central Michigan,13,156,61,39.1
2012,Louisiana-Lafayette,13,164,64,39.02
2012,Texas State,12,159,62,38.99
2012,Tulsa,14,238,92,38.66
2012,Iowa State,13,198,76,38.38
2012,Virginia Tech,13,212,81,38.21
2012,UCLA,14,218,83,38.07
2012,Stanford,14,197,75,38.07
2012,Florida International,12,175,66,37.71
2012,Temple,11,152,57,37.5
2012,Indiana,12,198,74,37.37
2012,Tennessee,12,166,62,37.35
2012,Bowling Green,13,193,71,36.79
2012,Arkansas,12,158,58,36.71
2012,Massachusetts,12,205,75,36.59
2012,Virginia,12,192,70,36.46
2012,Iowa,12,176,64,36.36
2012,Florida,13,179,65,36.31
2012,Minnesota,13,179,65,36.31
2012,Connecticut,12,177,64,36.16
2012,Memphis,12,166,60,36.14
2012,Southern Mississippi,12,169,61,36.09
2012,Washington,13,188,67,35.64
2012,UTEP,12,174,62,35.63
2012,Wisconsin,14,194,69,35.57
2012,Kent State,14,197,69,35.03
2012,California,12,160,56,35
2012,Colorado State,12,155,54,34.84
2012,Duke,13,199,69,34.67
2012,Mississippi State,13,165,57,34.55
2012,Oregon State,13,174,60,34.48
2012,Rutgers,13,184,63,34.24
2012,USC,13,152,52,34.21
2012,Illinois,12,173,59,34.1
2012,Hawai'i,12,183,62,33.88
2012,Buffalo,12,186,63,33.87
2012,Utah,12,170,57,33.53
2012,TCU,13,191,64,33.51
2012,Vanderbilt,13,188,63,33.51
2012,Missouri,12,186,62,33.33
2012,New Mexico State,12,163,54,33.13
2012,Eastern Michigan,12,163,54,33.13
2012,North Texas,12,180,59,32.78
2012,South Alabama,13,204,66,32.35
2012,Wake Forest,12,198,64,32.32
2012,Kansas,12,186,60,32.26
2012,Washington State,12,186,59,31.72
2012,Auburn,12,143,44,30.77
2012,Colorado,12,177,53,29.94
2012,Maryland,12,174,52,29.89
2012,Boston College,12,164,48,29.27
2012,Idaho,12,177,49,27.68
2013,LSU,13,161,92,57.14
2013,Louisville,13,175,98,56
2013,Florida State,14,157,82,52.23
2013,Marshall,14,210,108,51.43
2013,Georgia Tech,13,175,90,51.43
2013,Navy,13,174,89,51.15
2013,East Carolina,13,196,100,51.02
2013,Texas A&M,13,161,81,50.31
2013,Louisiana-Lafayette,13,174,87,50
2013,Stanford,14,197,98,49.75
2013,UCLA,13,193,95,49.22
2013,Washington,13,202,99,49.01
2013,Kansas State,13,162,79,48.77
2013,UCF,13,158,77,48.73
2013,Cincinnati,13,190,92,48.42
2013,Illinois,12,170,81,47.65
2013,Alabama,13,147,70,47.62
2013,Boise State,13,201,95,47.26
2013,Arizona,13,212,100,47.17
2013,North Texas,13,202,95,47.03
2013,Baylor,13,203,95,46.8
2013,Ohio State,14,169,79,46.75
2013,Indiana,12,184,86,46.74
2013,Auburn,14,187,87,46.52
2013,Middle Tennessee,13,192,89,46.35
2013,Western Kentucky,12,158,73,46.2
2013,Mississippi,13,197,90,45.69
2013,Bowling Green,14,178,81,45.51
2013,Wyoming,12,188,85,45.21
2013,Northern Illinois,14,197,89,45.18
2013,Utah State,14,231,104,45.02
2013,Texas Tech,13,218,98,44.95
2013,UTSA,12,167,75,44.91
2013,Ball State,13,170,76,44.71
2013,Clemson,13,197,88,44.67
2013,Arkansas State,13,194,86,44.33
2013,Air Force,12,172,76,44.19
2013,Troy,12,186,82,44.09
2013,Michigan State,14,214,94,43.93
2013,South Carolina,13,180,79,43.89
2013,Missouri,14,194,85,43.81
2013,Iowa,13,201,88,43.78
2013,San Jose State,12,189,82,43.39
2013,Nevada,12,199,86,43.22
2013,Colorado State,14,213,92,43.19
2013,Oregon,13,160,69,43.13
2013,Army,12,168,72,42.86
2013,Central Michigan,12,154,66,42.86
2013,Temple,12,173,74,42.77
2013,Fresno State,13,196,83,42.35
2013,Toledo,12,152,64,42.11
2013,Minnesota,13,183,77,42.08
2013,Notre Dame,13,176,74,42.05
2013,Wisconsin,13,177,74,41.81
2013,Arkansas,12,156,65,41.67
2013,Georgia,13,166,69,41.57
2013,North Carolina,13,189,78,41.27
2013,San Diego State,13,211,86,40.76
2013,Texas,13,222,90,40.54
2013,Oregon State,13,181,73,40.33
2013,South Alabama,12,179,72,40.22
2013,Washington State,13,200,80,40
2013,Florida Atlantic,12,185,74,40
2013,Buffalo,13,203,81,39.9
2013,UNLV,13,193,77,39.9
2013,Northwestern,12,188,75,39.89
2013,UTEP,12,186,74,39.78
2013,Mississippi State,13,177,70,39.55
2013,Kent State,12,172,68,39.53
2013,Duke,14,200,79,39.5
2013,Oklahoma,13,195,77,39.49
2013,Rice,14,216,85,39.35
2013,Akron,12,183,72,39.34
2013,Nebraska,13,186,73,39.25
2013,Michigan,13,181,71,39.23
2013,Ohio,13,189,74,39.15
2013,Arizona State,14,215,84,39.07
2013,SMU,12,198,77,38.89
2013,Oklahoma State,13,196,76,38.78
2013,Florida,12,173,67,38.73
2013,Syracuse,13,210,81,38.57
2013,Pittsburgh,13,173,66,38.15
2013,North Carolina State,12,215,82,38.14
2013,BYU,13,231,88,38.1
2013,Virginia,12,229,87,37.99
2013,Louisiana-Monroe,12,203,77,37.93
2013,UAB,12,168,63,37.5
2013,New Mexico,12,152,57,37.5
2013,New Mexico State,12,169,62,36.69
2013,Massachusetts,12,186,67,36.02
2013,Louisiana Tech,12,184,66,35.87
2013,Tennessee,12,159,57,35.85
2013,Houston,13,191,68,35.6
2013,Tulane,13,194,69,35.57
2013,Wake Forest,12,184,65,35.33
2013,Miami (Florida),13,160,56,35
2013,Tulsa,12,203,71,34.98
2013,Rutgers,13,186,65,34.95
2013,USC,14,186,65,34.95
2013,Boston College,13,176,61,34.66
2013,Iowa State,12,203,70,34.48
2013,Utah,12,186,64,34.41
2013,Texas State,12,172,59,34.3
2013,Penn State,12,172,59,34.3
2013,Connecticut,12,184,63,34.24
2013,Eastern Michigan,12,162,55,33.95
2013,Colorado,12,172,58,33.72
2013,California,12,214,72,33.64
2013,Idaho,12,209,70,33.49
2013,Georgia State,12,181,60,33.15
2013,Vanderbilt,13,182,60,32.97
2013,Hawai'i,12,198,64,32.32
2013,Virginia Tech,13,203,65,32.02
2013,West Virginia,12,185,59,31.89
2013,Maryland,13,189,60,31.75
2013,TCU,12,175,55,31.43
2013,Kentucky,12,165,51,30.91
2013,Western Michigan,12,188,58,30.85
2013,Purdue,12,172,53,30.81
2013,Memphis,12,173,53,30.64
2013,Southern Mississippi,12,178,52,29.21
2013,South Florida,12,172,48,27.91
2013,Kansas,12,190,53,27.89
2013,Miami (Ohio),12,167,41,24.55
2013,Florida International,12,172,39,22.67
2014,Georgia Tech,14,171,99,57.89
2014,Auburn,13,179,94,52.51
2014,Ohio State,15,198,103,52.02
2014,Marshall,14,184,95,51.63
2014,Alabama,14,199,102,51.26
2014,Western Kentucky,13,180,92,51.11
2014,Michigan State,13,195,97,49.74
2014,Oregon,15,198,98,49.49
2014,Georgia,13,164,81,49.39
2014,Georgia Southern,12,149,73,48.99
2014,Colorado State,13,174,85,48.85
2014,Appalachian State,12,172,84,48.84
2014,Western Michigan,13,177,85,48.02
2014,Navy,13,159,76,47.8
2014,Notre Dame,13,191,91,47.64
2014,Northern Illinois,14,227,108,47.58
2014,Air Force,13,213,100,46.95
2014,East Carolina,13,194,91,46.91
2014,Arkansas,13,188,88,46.81
2014,Baylor,13,214,100,46.73
2014,USC,13,208,97,46.63
2014,Georgia State,12,172,80,46.51
2014,Pittsburgh,13,170,79,46.47
2014,California,12,191,88,46.07
2014,Toledo,13,187,86,45.99
2014,Mississippi State,13,198,91,45.96
2014,Kansas State,13,172,79,45.93
2014,North Carolina State,13,177,81,45.76
2014,Buffalo,11,164,75,45.73
2014,Florida State,14,176,80,45.45
2014,Iowa,13,201,90,44.78
2014,Rice,13,202,90,44.55
2014,Boise State,14,205,91,44.39
2014,Middle Tennessee,12,169,75,44.38
2014,Central Michigan,13,162,71,43.83
2014,Texas Tech,12,174,76,43.68
2014,BYU,13,206,89,43.2
2014,South Carolina,13,176,76,43.18
2014,San Jose State,12,197,85,43.15
2014,UCLA,13,202,87,43.07
2014,UAB,12,193,83,43.01
2014,TCU,13,198,85,42.93
2014,Missouri,14,217,93,42.86
2014,North Carolina,13,198,84,42.42
2014,Stanford,13,165,70,42.42
2014,West Virginia,13,229,97,42.36
2014,Iowa State,12,201,85,42.29
2014,San Diego State,13,180,76,42.22
2014,Louisiana-Lafayette,13,180,76,42.22
2014,UTEP,13,192,81,42.19
2014,Virginia,12,196,82,41.84
2014,Duke,13,201,84,41.79
2014,Clemson,13,223,93,41.7
2014,Idaho,11,180,75,41.67
2014,Old Dominion,12,149,62,41.61
2014,Washington State,12,188,78,41.49
2014,UCF,13,205,85,41.46
2014,New Mexico State,12,203,84,41.38
2014,Nebraska,13,184,76,41.3
2014,Cincinnati,13,177,73,41.24
2014,Nevada,13,209,86,41.15
2014,Army,12,154,63,40.91
2014,Utah,13,218,89,40.83
2014,Texas A&M,13,179,73,40.78
2014,Washington,14,216,88,40.74
2014,Houston,13,195,79,40.51
2014,Oklahoma,13,178,72,40.45
2014,Minnesota,13,177,71,40.11
2014,Colorado,12,202,81,40.1
2014,Louisiana Tech,14,198,79,39.9
2014,LSU,13,178,71,39.89
2014,Wyoming,12,191,76,39.79
2014,Northwestern,12,212,84,39.62
2014,Penn State,13,215,85,39.53
2014,Mississippi,13,183,72,39.34
2014,Louisville,13,199,78,39.2
2014,Michigan,12,156,61,39.1
2014,Ohio,12,177,69,38.98
2014,Tennessee,13,208,81,38.94
2014,Virginia Tech,13,214,83,38.79
2014,Troy,12,181,70,38.67
2014,North Texas,12,181,70,38.67
2014,Texas State,12,179,69,38.55
2014,Florida Atlantic,12,182,70,38.46
2014,Tulsa,12,203,78,38.42
2014,Wisconsin,14,178,68,38.2
2014,Arizona State,13,199,76,38.19
2014,Ball State,12,186,71,38.17
2014,Arizona,14,234,89,38.03
2014,Arkansas State,13,207,78,37.68
2014,Bowling Green,14,231,87,37.66
2014,Fresno State,14,243,91,37.45
2014,South Florida,12,174,65,37.36
2014,New Mexico,12,152,56,36.84
2014,Miami (Florida),13,163,60,36.81
2014,Memphis,13,208,76,36.54
2014,Florida,12,192,70,36.46
2014,Purdue,12,190,69,36.32
2014,South Alabama,13,191,69,36.13
2014,Boston College,13,178,64,35.96
2014,Illinois,13,187,67,35.83
2014,Massachusetts,12,176,63,35.8
2014,Rutgers,13,171,61,35.67
2014,Eastern Michigan,12,179,63,35.2
2014,UNLV,13,216,76,35.19
2014,Louisiana-Monroe,12,200,69,34.5
2014,Kansas,12,201,69,34.33
2014,Texas,13,201,69,34.33
2014,Southern Mississippi,12,184,63,34.24
2014,Syracuse,12,179,61,34.08
2014,Akron,12,179,61,34.08
2014,Kentucky,12,183,62,33.88
2014,Miami (Ohio),12,166,56,33.73
2014,Hawai'i,13,231,77,33.33
2014,Tulane,12,187,62,33.16
2014,Utah State,14,191,63,32.98
2014,Oklahoma State,13,195,64,32.82
2014,SMU,12,188,61,32.45
2014,Maryland,13,185,60,32.43
2014,Florida International,12,185,59,31.89
2014,Oregon State,12,167,53,31.74
2014,Connecticut,12,164,50,30.49
2014,Kent State,11,152,46,30.26
2014,Indiana,12,182,55,30.22
2014,Vanderbilt,12,155,46,29.68
2014,Wake Forest,12,184,52,28.26
2014,UTSA,12,177,50,28.25
2014,Temple,12,166,39,23.49
2015,Texas Tech,13,203,105,51.72
2015,Cincinnati,13,196,100,51.02
2015,Houston,14,232,117,50.43
2015,Navy,13,177,89,50.28
2015,Bowling Green,14,209,105,50.24
2015,Stanford,14,182,91,50
2015,Rice,12,189,94,49.74
2015,Memphis,13,207,101,48.79
2015,North Carolina,14,164,80,48.78
2015,Michigan State,14,204,99,48.53
2015,Western Kentucky,14,184,88,47.83
2015,San Jose State,13,182,87,47.8
2015,Clemson,15,230,109,47.39
2015,California,13,179,84,46.93
2015,Arkansas,13,160,75,46.88
2015,Baylor,13,195,91,46.67
2015,Toledo,12,186,86,46.24
2015,Michigan,13,186,86,46.24
2015,Southern Mississippi,14,208,96,46.15
2015,Colorado State,13,187,86,45.99
2015,Tennessee,13,211,97,45.97
2015,Western Michigan,13,172,79,45.93
2015,UCLA,13,195,88,45.13
2015,Nebraska,13,180,81,45
2015,Army,12,158,70,44.3
2015,Tulsa,13,227,100,44.05
2015,Pittsburgh,13,180,79,43.89
2015,Central Michigan,13,192,84,43.75
2015,Oklahoma,13,181,79,43.65
2015,Georgia State,13,186,81,43.55
2015,Oklahoma State,13,193,84,43.52
2015,TCU,13,198,86,43.43
2015,Air Force,14,194,84,43.3
2015,Duke,13,215,93,43.26
2015,East Carolina,12,186,80,43.01
2015,Mississippi State,13,175,75,42.86
2015,Appalachian State,13,169,72,42.6
2015,Virginia,12,174,74,42.53
2015,Notre Dame,13,160,68,42.5
2015,Florida International,12,179,76,42.46
2015,Texas A&M,13,208,88,42.31
2015,Middle Tennessee,13,197,83,42.13
2015,San Diego State,14,204,85,41.67
2015,Iowa,14,192,80,41.67
2015,Georgia Southern,13,180,75,41.67
2015,Idaho,12,183,76,41.53
2015,Mississippi,13,169,70,41.42
2015,Boise State,13,208,86,41.35
2015,Temple,14,211,87,41.23
2015,North Carolina State,13,197,81,41.12
2015,Arizona State,13,229,94,41.05
2015,Auburn,13,178,73,41.01
2015,Utah,13,200,82,41
2015,Northwestern,13,230,94,40.87
2015,Wisconsin,13,184,75,40.76
2015,Arizona,13,189,77,40.74
2015,Ohio State,13,172,70,40.7
2015,UTSA,12,185,75,40.54
2015,Washington State,13,190,77,40.53
2015,Ohio,13,196,79,40.31
2015,Iowa State,12,194,78,40.21
2015,BYU,13,182,73,40.11
2015,LSU,12,148,59,39.86
2015,UTEP,12,200,79,39.5
2015,SMU,12,180,71,39.44
2015,Marshall,13,198,78,39.39
2015,West Virginia,13,206,81,39.32
2015,USC,14,189,74,39.15
2015,Kansas State,13,179,70,39.11
2015,Oregon,13,179,70,39.11
2015,Nevada,13,177,69,38.98
2015,Minnesota,13,193,75,38.86
2015,Louisiana Tech,13,165,64,38.79
2015,Arkansas State,13,192,74,38.54
2015,Virginia Tech,13,193,74,38.34
2015,Eastern Michigan,12,167,64,38.32
2015,Ball State,12,199,76,38.19
2015,Florida State,13,160,61,38.13
2015,Indiana,13,202,77,38.12
2015,Louisville,13,181,69,38.12
2015,New Mexico,13,184,70,38.04
2015,Washington,13,169,64,37.87
2015,Northern Illinois,14,224,84,37.5
2015,Louisiana-Lafayette,12,176,66,37.5
2015,Kentucky,12,179,67,37.43
2015,Alabama,15,214,80,37.38
2015,Fresno State,12,185,69,37.3
2015,Vanderbilt,12,204,76,37.25
2015,South Florida,13,178,66,37.08
2015,Akron,13,199,73,36.68
2015,Buffalo,12,186,68,36.56
2015,Kansas,12,208,76,36.54
2015,Rutgers,12,156,57,36.54
2015,Florida,14,206,75,36.41
2015,Texas State,12,184,67,36.41
2015,Illinois,12,204,74,36.27
2015,Colorado,13,208,75,36.06
2015,UNLV,12,172,62,36.05
2015,Utah State,13,184,66,35.87
2015,New Mexico State,12,200,71,35.5
2015,Texas,12,172,61,35.47
2015,South Carolina,12,164,58,35.37
2015,Old Dominion,12,176,62,35.23
2015,Troy,12,168,59,35.12
2015,Wake Forest,12,188,66,35.11
2015,Purdue,12,200,70,35
2015,Miami (Florida),13,183,64,34.97
2015,Georgia Tech,12,149,52,34.9
2015,South Alabama,12,184,64,34.78
2015,Massachusetts,12,184,64,34.78
2015,Tulane,12,182,63,34.62
2015,Charlotte,12,208,71,34.13
2015,Syracuse,12,164,55,33.54
2015,Wyoming,12,156,52,33.33
2015,Florida Atlantic,12,184,61,33.15
2015,North Texas,12,181,59,32.6
2015,Connecticut,13,179,57,31.84
2015,Oregon State,12,164,52,31.71
2015,Miami (Ohio),12,186,58,31.18
2015,Georgia,13,158,49,31.01
2015,Hawai'i,13,179,55,30.73
2015,Missouri,12,178,54,30.34
2015,Louisiana-Monroe,13,212,63,29.72
2015,Maryland,12,171,50,29.24
2015,UCF,12,171,50,29.24
2015,Penn State,13,185,51,27.57
2015,Boston College,12,172,46,26.74
2015,Kent State,12,185,47,25.41
2016,Navy,14,167,91,54.49
2016,Western Michigan,14,188,102,54.26
2016,Texas Tech,12,195,101,51.79
2016,Oklahoma,13,169,87,51.48
2016,Toledo,13,183,93,50.82
2016,Air Force,13,196,99,50.51
2016,Louisiana Tech,14,155,78,50.32
2016,Clemson,15,233,117,50.21
2016,Nevada,12,166,81,48.8
2016,Army,13,172,83,48.26
2016,USC,13,178,85,47.75
2016,BYU,13,195,93,47.69
2016,Boise State,13,166,79,47.59
2016,Houston,13,231,109,47.19
2016,Washington State,13,191,90,47.12
2016,Eastern Michigan,13,203,95,46.8
2016,Ohio State,13,199,93,46.73
2016,Western Kentucky,14,167,78,46.71
2016,Tulsa,13,210,97,46.19
2016,New Mexico,13,172,79,45.93
2016,North Carolina,13,165,75,45.45
2016,Kansas State,13,174,79,45.4
2016,Pittsburgh,13,174,79,45.4
2016,Ball State,12,195,88,45.13
2016,Purdue,12,202,91,45.05
2016,Middle Tennessee,13,184,82,44.57
2016,Georgia Southern,12,185,82,44.32
2016,South Florida,13,190,84,44.21
2016,Wisconsin,14,204,90,44.12
2016,Washington,14,170,75,44.12
2016,Colorado,14,236,104,44.07
2016,UTSA,13,207,91,43.96
2016,Nebraska,13,196,86,43.88
2016,Florida State,13,169,74,43.79
2016,Alabama,15,208,91,43.75
2016,North Carolina State,13,192,84,43.75
2016,Wyoming,14,202,88,43.56
2016,LSU,12,152,66,43.42
2016,SMU,12,208,90,43.27
2016,Michigan,13,183,79,43.17
2016,Oklahoma State,13,179,77,43.02
2016,Missouri,12,193,83,43.01
2016,Duke,12,186,80,43.01
2016,Iowa State,12,177,76,42.94
2016,West Virginia,13,187,80,42.78
2016,Virginia Tech,14,212,90,42.45
2016,Colorado State,13,172,73,42.44
2016,Louisiana-Monroe,12,191,81,42.41
2016,Baylor,13,222,94,42.34
2016,Stanford,13,178,75,42.13
2016,UTEP,12,153,64,41.83
2016,Georgia Tech,13,153,64,41.83
2016,Auburn,13,182,76,41.76
2016,Georgia,13,194,81,41.75
2016,Florida,13,192,80,41.67
2016,Temple,14,190,79,41.58
2016,Central Michigan,13,183,76,41.53
2016,Northern Illinois,12,203,84,41.38
2016,Tennessee,13,175,72,41.14
2016,Louisville,13,180,74,41.11
2016,Southern Mississippi,13,203,83,40.89
2016,Mississippi State,13,192,78,40.63
2016,TCU,13,197,80,40.61
2016,Memphis,13,195,79,40.51
2016,Notre Dame,12,168,68,40.48
2016,San Diego State,14,171,69,40.35
2016,San Jose State,12,176,71,40.34
2016,Mississippi,12,169,68,40.24
2016,Indiana,13,203,81,39.9
2016,Utah State,12,176,70,39.77
2016,Arkansas,13,176,70,39.77
2016,East Carolina,12,194,77,39.69
2016,Idaho,13,182,72,39.56
2016,Syracuse,12,213,84,39.44
2016,California,12,203,80,39.41
2016,Northwestern,13,211,83,39.34
2016,Texas A&M,13,194,76,39.18
2016,Kentucky,13,184,72,39.13
2016,Oregon,12,169,66,39.05
2016,Michigan State,12,173,67,38.73
2016,South Alabama,13,173,67,38.73
2016,Minnesota,13,190,73,38.42
2016,Utah,13,193,74,38.34
2016,Arizona State,12,194,74,38.14
2016,Georgia State,12,171,65,38.01
2016,Fresno State,12,200,76,38
2016,Cincinnati,12,182,69,37.91
2016,Miami (Ohio),13,164,62,37.8
2016,UNLV,12,172,65,37.79
2016,Ohio,14,212,80,37.74
2016,Louisiana-Lafayette,13,198,74,37.37
2016,Akron,12,158,59,37.34
2016,Old Dominion,13,172,64,37.21
2016,Oregon State,12,172,64,37.21
2016,Troy,13,192,71,36.98
2016,Rice,12,182,67,36.81
2016,Arizona,12,158,58,36.71
2016,Buffalo,12,181,66,36.46
2016,Miami (Florida),13,171,62,36.26
2016,Texas,12,194,70,36.08
2016,Florida International,12,170,61,35.88
2016,Vanderbilt,13,183,65,35.52
2016,UCLA,12,176,62,35.23
2016,Hawai'i,14,182,64,35.16
2016,North Texas,13,181,63,34.81
2016,Wake Forest,13,204,71,34.8
2016,Virginia,12,182,63,34.62
2016,Maryland,13,181,62,34.25
2016,South Carolina,13,184,63,34.24
2016,Marshall,12,173,59,34.1
2016,Florida Atlantic,12,169,57,33.73
2016,Appalachian State,13,175,59,33.71
2016,Connecticut,12,181,61,33.7
2016,New Mexico State,12,190,64,33.68
2016,Kent State,12,180,60,33.33
2016,Kansas,12,182,60,32.97
2016,Penn State,14,172,56,32.56
2016,Massachusetts,12,160,52,32.5
2016,Iowa,13,173,56,32.37
2016,Charlotte,12,196,63,32.14
2016,Boston College,13,210,66,31.43
2016,Texas State,12,187,58,31.02
2016,Rutgers,12,195,60,30.77
2016,Bowling Green,12,179,55,30.73
2016,UCF,13,212,63,29.72
2016,Arkansas State,13,187,55,29.41
2016,Illinois,12,155,44,28.39
2016,Tulane,12,187,52,27.81
2017,Army,13,165,91,55.15
2017,Colorado State,13,183,92,50.27
2017,Air Force,12,166,81,48.8
2017,Wisconsin,14,185,90,48.65
2017,Penn State,13,171,82,47.95
2017,Ohio State,14,185,86,46.49
2017,Clemson,14,218,101,46.33
2017,Mississippi State,13,197,91,46.19
2017,Boise State,14,203,93,45.81
2017,TCU,14,199,91,45.73
2017,Georgia,15,195,89,45.64
2017,Georgia Tech,11,158,72,45.57
2017,Oklahoma State,13,180,82,45.56
2017,Houston,12,178,81,45.51
2017,Auburn,14,209,95,45.45
2017,Navy,13,187,85,45.45
2017,UCF,13,165,75,45.45
2017,UAB,13,185,84,45.41
2017,Washington,13,152,69,45.39
2017,Missouri,13,173,78,45.09
2017,Michigan State,13,207,93,44.93
2017,San Diego State,13,165,74,44.85
2017,Arizona State,13,208,93,44.71
2017,North Carolina State,13,188,84,44.68
2017,Texas Tech,13,193,86,44.56
2017,Arkansas State,12,180,80,44.44
2017,Marshall,13,187,83,44.39
2017,Louisville,13,181,80,44.2
2017,Western Kentucky,13,193,85,44.04
2017,South Florida,12,205,90,43.9
2017,New Mexico State,13,210,92,43.81
2017,Memphis,13,169,74,43.79
2017,Notre Dame,13,192,84,43.75
2017,Tulsa,12,190,83,43.68
2017,Louisiana-Monroe,12,177,77,43.5
2017,North Texas,14,194,84,43.3
2017,SMU,13,192,83,43.23
2017,Florida International,13,183,79,43.17
2017,Georgia State,12,182,78,42.86
2017,Troy,13,175,75,42.86
2017,Stanford,14,176,75,42.61
2017,Oklahoma,14,162,69,42.59
2017,Washington State,13,202,86,42.57
2017,Arizona,13,168,71,42.26
2017,Arkansas,12,165,69,41.82
2017,Colorado,12,189,79,41.8
2017,Vanderbilt,12,168,70,41.67
2017,UTSA,11,154,64,41.56
2017,Buffalo,12,169,70,41.42
2017,Temple,13,198,82,41.41
2017,LSU,13,174,72,41.38
2017,East Carolina,12,199,82,41.21
2017,UCLA,13,182,75,41.21
2017,Ohio,13,163,67,41.1
2017,USC,14,190,78,41.05
2017,Oregon,13,178,73,41.01
2017,Virginia Tech,13,211,86,40.76
2017,UNLV,12,172,70,40.7
2017,Louisiana Tech,13,182,74,40.66
2017,Alabama,14,178,72,40.45
2017,California,12,193,78,40.41
2017,Appalachian State,13,176,71,40.34
2017,Oregon State,12,164,66,40.24
2017,Tulane,12,163,65,39.88
2017,Connecticut,12,191,76,39.79
2017,Nevada,12,166,66,39.76
2017,Syracuse,12,224,89,39.73
2017,Wake Forest,13,194,77,39.69
2017,Florida Atlantic,14,184,73,39.67
2017,Western Michigan,12,177,70,39.55
2017,Akron,14,203,80,39.41
2017,Kentucky,13,168,66,39.29
2017,Iowa State,13,186,73,39.25
2017,Duke,13,209,82,39.23
2017,Virginia,13,209,82,39.23
2017,Northern Illinois,13,204,80,39.22
2017,Toledo,14,179,70,39.11
2017,Cincinnati,12,172,67,38.95
2017,Ball State,12,203,79,38.92
2017,Rice,12,147,57,38.78
2017,Boston College,13,221,85,38.46
2017,Hawai'i,12,167,64,38.32
2017,Mississippi,12,155,59,38.06
2017,Texas,13,226,86,38.05
2017,Texas A&M,13,205,78,38.05
2017,South Carolina,13,171,65,38.01
2017,Indiana,12,211,80,37.91
2017,Middle Tennessee,13,178,67,37.64
2017,Nebraska,12,181,68,37.57
2017,Miami (Ohio),12,168,63,37.5
2017,Southern Mississippi,13,193,72,37.31
2017,Bowling Green,12,176,64,36.36
2017,Louisiana-Lafayette,12,164,59,35.98
2017,Coastal Carolina,12,153,55,35.95
2017,BYU,13,179,64,35.75
2017,Pittsburgh,12,168,60,35.71
2017,Fresno State,14,191,68,35.6
2017,Northwestern,13,203,72,35.47
2017,Idaho,12,181,64,35.36
2017,Utah,13,176,62,35.23
2017,Florida State,13,162,57,35.19
2017,Georgia Southern,12,191,67,35.08
2017,Massachusetts,12,173,60,34.68
2017,Eastern Michigan,12,174,60,34.48
2017,Iowa,13,180,62,34.44
2017,Old Dominion,12,180,62,34.44
2017,Utah State,13,201,69,34.33
2017,Texas State,12,181,61,33.7
2017,Minnesota,12,158,53,33.54
2017,Illinois,12,173,58,33.53
2017,West Virginia,13,185,62,33.51
2017,Purdue,13,186,62,33.33
2017,Kansas State,13,153,51,33.33
2017,Wyoming,13,181,60,33.15
2017,Baylor,12,186,61,32.8
2017,Michigan,13,190,62,32.63
2017,Florida,11,157,51,32.48
2017,Rutgers,12,162,52,32.1
2017,North Carolina,12,165,51,30.91
2017,South Alabama,12,163,50,30.67
2017,Tennessee,12,163,50,30.67
2017,San Jose State,13,190,58,30.53
2017,Central Michigan,13,184,56,30.43
2017,New Mexico,12,163,49,30.06
2017,Kansas,12,201,58,28.86
2017,Miami (Florida),13,163,47,28.83
2017,Kent State,12,174,50,28.74
2017,Maryland,12,161,46,28.57
2017,UTEP,12,160,43,26.88
2017,Charlotte,12,173,45,26.01
2018,UCF,4,50,31,62
2018,Alabama,5,62,37,59.68
2018,North Carolina State,4,54,32,59.26
2018,West Virginia,4,46,27,58.7
2018,Fresno State,4,55,31,56.36
2018,Boise State,4,66,37,56.06
2018,Oklahoma,5,44,24,54.55
2018,UAB,4,54,29,53.7
2018,Army,5,82,44,53.66
2018,Oregon,5,71,37,52.11
2018,Virginia,5,71,36,50.7
2018,Texas Tech,5,81,41,50.62
2018,Ohio State,5,68,34,50
2018,Washington,5,65,32,49.23
2018,Memphis,5,57,28,49.12
2018,Wisconsin,4,49,24,48.98
2018,Miami (Florida),5,64,31,48.44
2018,Mississippi State,5,65,31,47.69
2018,Missouri,4,65,31,47.69
2018,Kentucky,5,59,28,47.46
2018,Houston,4,59,28,47.46
2018,Tulsa,4,72,34,47.22
2018,Cincinnati,5,68,32,47.06
2018,Utah State,4,49,23,46.94
2018,Indiana,5,77,36,46.75
2018,Wake Forest,5,90,42,46.67
2018,Ball State,5,86,40,46.51
2018,Georgia,5,56,26,46.43
2018,TCU,5,74,34,45.95
2018,Baylor,5,72,33,45.83
2018,Michigan,5,68,31,45.59
2018,Purdue,5,75,34,45.33
2018,Pittsburgh,5,64,29,45.31
2018,Appalachian State,4,42,19,45.24
2018,Iowa,4,59,26,44.07
2018,East Carolina,4,82,36,43.9
2018,Georgia Southern,4,48,21,43.75
2018,New Mexico,4,55,24,43.64
2018,Colorado State,5,85,37,43.53
2018,Coastal Carolina,5,53,23,43.4
2018,Middle Tennessee,4,60,26,43.33
2018,Texas A&M,5,60,26,43.33
2018,Louisiana-Lafayette,4,44,19,43.18
2018,Charlotte,5,77,33,42.86
2018,South Florida,4,56,24,42.86
2018,Clemson,5,61,26,42.62
2018,Navy,4,59,25,42.37
2018,Tulane,5,69,29,42.03
2018,South Carolina,4,50,21,42
2018,Liberty,4,67,28,41.79
2018,Louisiana Tech,4,60,25,41.67
2018,Arizona State,5,65,27,41.54
2018,Georgia State,5,65,27,41.54
2018,Notre Dame,5,70,29,41.43
2018,Texas,5,75,31,41.33
2018,LSU,5,75,31,41.33
2018,Rice,5,85,35,41.18
2018,North Texas,5,73,30,41.1
2018,Colorado,4,56,23,41.07
2018,Penn State,5,66,27,40.91
2018,Michigan State,4,54,22,40.74
2018,California,4,59,24,40.68
2018,Hawai'i,6,69,28,40.58
2018,Oklahoma State,5,69,28,40.58
2018,Arizona,5,67,27,40.3
2018,Temple,5,72,29,40.28
2018,Virginia Tech,4,55,22,40
2018,USC,5,73,29,39.73
2018,Louisiana-Monroe,5,68,27,39.71
2018,Ohio,4,58,23,39.66
2018,Massachusetts,6,71,28,39.44
2018,Northwestern,4,66,26,39.39
2018,Bowling Green,5,84,33,39.29
2018,Utah,4,64,25,39.06
2018,Georgia Tech,5,59,23,38.98
2018,UTSA,5,80,31,38.75
2018,Arkansas State,5,80,31,38.75
2018,Boston College,5,75,29,38.67
2018,BYU,5,68,26,38.24
2018,Florida International,5,58,22,37.93
2018,San Diego State,4,53,20,37.74
2018,Western Kentucky,5,80,30,37.5
2018,Vanderbilt,5,64,24,37.5
2018,Oregon State,5,75,28,37.33
2018,Florida Atlantic,5,75,28,37.33
2018,Mississippi,5,67,25,37.31
2018,Connecticut,5,73,27,36.99
2018,Western Michigan,5,65,24,36.92
2018,Syracuse,5,76,28,36.84
2018,Marshall,4,60,22,36.67
2018,Eastern Michigan,5,71,26,36.62
2018,UTEP,5,74,27,36.49
2018,Miami (Ohio),5,74,27,36.49
2018,Kansas State,5,74,27,36.49
2018,Buffalo,5,66,24,36.36
2018,Florida,5,55,20,36.36
2018,Northern Illinois,5,83,30,36.14
2018,Southern Mississippi,4,50,18,36
2018,Tennessee,5,64,23,35.94
2018,Louisville,5,67,24,35.82
2018,Nevada,5,70,25,35.71
2018,Iowa State,4,56,20,35.71
2018,Minnesota,4,59,21,35.59
2018,UNLV,4,59,21,35.59
2018,Duke,5,76,27,35.53
2018,Washington State,5,68,24,35.29
2018,Akron,3,43,15,34.88
2018,Auburn,5,69,24,34.78
2018,Toledo,4,52,18,34.62
2018,Troy,5,61,21,34.43
2018,Stanford,5,65,22,33.85
2018,Air Force,4,71,24,33.8
2018,Kent State,5,84,28,33.33
2018,Rutgers,5,73,24,32.88
2018,Illinois,4,58,19,32.76
2018,Maryland,4,49,16,32.65
2018,Kansas,5,74,24,32.43
2018,Nebraska,4,53,17,32.08
2018,SMU,5,69,22,31.88
2018,Wyoming,5,70,22,31.43
2018,San Jose State,4,70,22,31.43
2018,UCLA,4,56,17,30.36
2018,Florida State,5,74,22,29.73
2018,North Carolina,4,61,18,29.51
2018,Arkansas,5,75,22,29.33
2018,New Mexico State,5,76,22,28.95
2018,Central Michigan,5,73,21,28.77
2018,Texas State,4,56,16,28.57
2018,Old Dominion,5,70,19,27.14
2018,South Alabama,5,75,20,26.67